	ICD	Disease Name	Source
0	B59	Pneumocystis jiroveci pneumonia	DisGeNET
1	C77	Secondary malignant neoplasm of lymph node	DisGeNET
2	B03	Smallpox	DisGeNET
3	I40	Acute myocarditis	DisGeNET
4	D57	Anemia, Sickle Cell	DisGeNET
5	G43	Migraine Disorders	DisGeNET
6	C81	Hodgkin Disease	DisGeNET
7	C65	Malignant tumor of renal pelvis	DisGeNET
8	N10	Acute interstitial nephritis	DisGeNET
9	J62	Silicosis	DisGeNET
10	F99	Mental disorders	DisGeNET
11	N19	Kidney Failure	DisGeNET
12	N80	Endometriosis	DisGeNET
13	J13	Streptococcal pneumonia	DisGeNET
14	A20	Plague	DisGeNET
15	L64	Androgenetic Alopecia	DisGeNET
16	I81	Portal Vein Thrombosis	DisGeNET
17	B16	Acute type B viral hepatitis	DisGeNET
18	K70	Alcoholic Liver Diseases	DisGeNET
19	B47	Mycetoma	DisGeNET
20	E60	Dietary zinc deficiency	DisGeNET
21	G30	Alzheimer's Disease	DisGeNET
22	C62	Malignant neoplasm of testis	DisGeNET
23	L80	Vitiligo	DisGeNET
24	A82	Rabies (disorder)	DisGeNET
25	F89	Disorder of psychological development	DisGeNET
26	C71	Malignant neoplasm of brain	DisGeNET
27	D05	Stage 0 Breast Carcinoma	DisGeNET
28	I95	Hypotension	DisGeNET
29	A80	Poliomyelitis	DisGeNET
30	L29	Pruritus	DisGeNET
31	L52	Erythema Nodosum	DisGeNET
32	B42	Sporotrichosis	DisGeNET
33	F33	Recurrent depressive disorder	DisGeNET
34	K50	Crohn Disease	DisGeNET
35	A55	Lymphogranuloma Venereum	DisGeNET
36	J02	Acute pharyngitis	DisGeNET
37	K37	Appendicitis	DisGeNET
38	E14	Diabetes Mellitus	DisGeNET
39	M10	Gout	DisGeNET
40	F20	Schizophrenia	DisGeNET
41	L10	Pemphigus	DisGeNET
42	E55	Vitamin D Deficiency	DisGeNET
43	L24	Dermatitis, Irritant	DisGeNET
44	J81	Pulmonary Edema	DisGeNET
45	H34	Retinal vascular occlusion	DisGeNET
46	K65	Peritonitis	DisGeNET
47	K85	Acute pancreatitis	DisGeNET
48	B57	Chagas Disease	DisGeNET
49	B58	Toxoplasmosis	DisGeNET
50	G24	Dystonia Disorders	DisGeNET
51	K43	Ventral Hernia	DisGeNET
52	M16	Osteoarthritis of hip	DisGeNET
53	M34	Systemic Scleroderma	DisGeNET
54	E52	Niacin deficiency	DisGeNET
55	F03	Dementia	DisGeNET
56	C93	Monocytic leukemia	DisGeNET
57	B38	Coccidioidomycosis	DisGeNET
58	B68	Teniasis	DisGeNET
59	H30	Chorioretinitis	DisGeNET
60	D06	Carcinoma in situ of uterine cervix	DisGeNET
61	D65	Disseminated Intravascular Coagulation	DisGeNET
62	J93	Pneumothorax	DisGeNET
63	K35	Acute appendicitis NOS (disorder)	DisGeNET
64	M47	Spondylosis	DisGeNET
65	J46	Status Asthmaticus	DisGeNET
66	L03	Cellulitis	DisGeNET
67	E50	Vitamin A Deficiency	DisGeNET
68	G90	Autonomic nervous system disorders	DisGeNET
69	L89	Pressure Ulcer	DisGeNET
70	B69	Cysticercosis	DisGeNET
71	B39	Histoplasmosis	DisGeNET
72	D34	Benign neoplasm of thyroid gland	DisGeNET
73	B26	Mumps	DisGeNET
74	A21	Tularemia	DisGeNET
75	M86	Osteomyelitis	DisGeNET
76	A64	Sexually Transmitted Diseases	DisGeNET
77	D59	Anemia, Hemolytic, Acquired	DisGeNET
78	B30	Viral Conjunctivitis	DisGeNET
79	F43	Reaction to severe stress, and adjustment disorders	DisGeNET
80	A43	Nocardia Infections	DisGeNET
81	C08	Malignant neoplasm of other major salivary glands	DisGeNET
82	F51	Non-organic sleep disorder	DisGeNET
83	J21	Acute bronchiolitis	DisGeNET
84	J36	Peritonsillar Abscess	DisGeNET
85	K20	Esophagitis	DisGeNET
86	C25	Malignant neoplasm of pancreas	DisGeNET
87	H55	Nystagmus and other irregular eye movements	DisGeNET
88	N35	Urethral stricture	DisGeNET
89	M88	Osteitis Deformans	DisGeNET
90	N45	Epididymo-orchitis	DisGeNET
91	L43	Lichen Planus	DisGeNET
92	E28	Disorder of endocrine ovary	DisGeNET
93	G50	Trigeminal Nerve Disorder	DisGeNET
94	K30	Dyspepsia	DisGeNET
95	C00	Cancer of Lip	DisGeNET
96	D86	Sarcoidosis	DisGeNET
97	M00	Arthritis, Infectious	DisGeNET
98	A65	Non-venereal endemic syphilis	DisGeNET
99	A32	Listeriosis	DisGeNET
100	M08	Juvenile arthritis	DisGeNET
101	K27	Peptic Ulcer	DisGeNET
102	F30	Manic episode	DisGeNET
103	D67	Hemophilia B	DisGeNET
104	L93	Lupus Erythematosus	DisGeNET
105	E40	Kwashiorkor	DisGeNET
106	E06	Thyroiditis	DisGeNET
107	I13	Hypertensive heart and renal disease	DisGeNET
108	N11	Chronic interstitial nephritis	DisGeNET
109	L40	Psoriasis	DisGeNET
110	L90	Atrophic condition of skin	DisGeNET
111	F32	Depressive episode, unspecified	DisGeNET
112	C67	Malignant neoplasm of urinary bladder	DisGeNET
113	F42	Obsessive-Compulsive Disorder	DisGeNET
114	A57	Chancroids	DisGeNET
115	G10	Huntington Disease	DisGeNET
116	B18	Chronic viral hepatitis	DisGeNET
117	A24	Glanders and melioidosis	DisGeNET
118	J03	Acute tonsillitis	DisGeNET
119	L91	Hypertrophic disorder of skin, unspecified	DisGeNET
120	N18	Kidney Failure, Chronic	DisGeNET
121	N41	prostatitis	DisGeNET
122	E11	Diabetes Mellitus, Non-Insulin-Dependent	DisGeNET
123	G81	Hemiplegia	DisGeNET
124	E84	Cystic Fibrosis	DisGeNET
125	A90	Dengue Fever	DisGeNET
126	M17	Arthritis of knee	DisGeNET
127	G51	Facial Nerve Diseases	DisGeNET
128	F71	Moderate intellectual disability	DisGeNET
129	A70	Chlamydia psittaci infection	DisGeNET
130	D73	Splenic Diseases	DisGeNET
131	K58	Irritable Bowel Syndrome	DisGeNET
132	H81	Vestibular Diseases	DisGeNET
133	A84	Tick-Borne Encephalitis	DisGeNET
134	B49	Mycoses	DisGeNET
135	C17	Malignant tumor of small intestine	DisGeNET
136	E59	Dietary selenium deficiency	DisGeNET
137	F73	Profound Mental Retardation	DisGeNET
138	I15	Secondary hypertension	DisGeNET
139	B40	Blastomycosis	DisGeNET
140	A89	Central Nervous System Viral Diseases	DisGeNET
141	I11	Hypertensive heart disease	DisGeNET
142	L88	Pyoderma Gangrenosum	DisGeNET
143	I25	Chronic myocardial ischemia	DisGeNET
144	A37	Whooping cough due to unspecified organism	DisGeNET
145	D70	Agranulocytosis	DisGeNET
146	L82	Seborrheic keratosis	DisGeNET
147	K41	Hernia, Femoral	DisGeNET
148	C43	Cutaneous Melanoma	DisGeNET
149	K40	Hernia, Inguinal	DisGeNET
150	F70	Mild Mental Retardation	DisGeNET
151	N25	Renal tubular disorder	DisGeNET
152	L00	Staphylococcal Scalded Skin Syndrome	DisGeNET
153	M32	Lupus Erythematosus, Systemic	DisGeNET
154	E51	Thiamine Deficiency	DisGeNET
155	F00	Dementia due to Alzheimer's disease (disorder)	DisGeNET
156	I80	Phlebitis and thrombophlebitis	DisGeNET
157	K81	Cholecystitis	DisGeNET
158	D45	Polycythemia Vera	DisGeNET
159	K26	Duodenal Ulcer	DisGeNET
160	E46	Protein-Energy Malnutrition	DisGeNET
161	J64	Pneumoconiosis	DisGeNET
162	D22	Melanocytic nevus	DisGeNET
163	C09	Malignant neoplasm tonsil	DisGeNET
164	A78	Q Fever	DisGeNET
165	G91	Hydrocephalus	DisGeNET
166	F79	Mental Retardation	DisGeNET
167	H72	Tympanic Membrane Perforation	DisGeNET
168	A06	Amebiasis	DisGeNET
169	B80	Enterobiasis	DisGeNET
170	L51	Erythema Multiforme	DisGeNET
171	D50	Iron deficiency anemia	DisGeNET
172	D62	Acute posthaemorrhagic anaemia	DisGeNET
173	A46	Erysipelas	DisGeNET
174	H33	Rhegmatogenous retinal detachment	DisGeNET
175	A36	Diphtheria	DisGeNET
176	E26	Hyperaldosteronism	DisGeNET
177	M80	Osteoporotic Fractures	DisGeNET
178	I60	Subarachnoid Hemorrhage	DisGeNET
179	C60	Malignant neoplasm of penis	DisGeNET
180	B45	Infection by Cryptococcus neoformans	DisGeNET
181	C55	Uterine Cancer	DisGeNET
182	D52	Megaloblastic anemia due to folate deficiency	DisGeNET
183	K44	Diaphragmatic Hernia	DisGeNET
184	N03	Chronic nephritic syndrome	DisGeNET
185	C45	Mesothelioma	DisGeNET
186	H80	Otosclerosis	DisGeNET
187	I61	Cerebral Hemorrhage	DisGeNET
188	N05	Nephritic syndrome	DisGeNET
189	I42	Cardiomyopathies	DisGeNET
190	D24	Benign neoplasm of breast	DisGeNET
191	E41	Marasmus	DisGeNET
192	L21	Seborrheic dermatitis	DisGeNET
193	A39	Meningococcal Infections	DisGeNET
194	B06	Rubella	DisGeNET
195	C32	Malignant neoplasm of larynx	DisGeNET
196	C50	Malignant neoplasm of breast	DisGeNET
197	D56	Thalassemia	DisGeNET
198	A00	Cholera	DisGeNET
199	B24	HIV Infections	DisGeNET
200	H44	Disorder of eye	DisGeNET
201	C61	Malignant neoplasm of prostate	DisGeNET
202	H60	Otitis Externa	DisGeNET
203	K74	Hepatic fibrosis and cirrhosis	DisGeNET
204	L26	Exfoliative dermatitis	DisGeNET
205	K25	Gastric ulcer	DisGeNET
206	B75	Trichinellosis	DisGeNET
207	D66	Hemophilia A	DisGeNET
208	B76	Hookworm Infections	DisGeNET
209	C07	Malignant tumour of parotid gland	DisGeNET
210	C10	Malignant neoplasm of oropharynx	DisGeNET
211	M83	Adult osteomalacia, unspecified	DisGeNET
212	G44	Other headache syndrome	DisGeNET
213	J00	Common Cold	DisGeNET
214	J43	Pulmonary Emphysema	DisGeNET
215	C13	Hypopharyngeal Cancer	DisGeNET
216	E66	Obesity	DisGeNET
217	M45	Ankylosing spondylitis	DisGeNET
218	A87	Viral meningitis	DisGeNET
219	F39	Mood Disorders	DisGeNET
220	N44	Spermatic Cord Torsion	DisGeNET
221	N61	Inflammatory disorder of breast	DisGeNET
222	B37	Candidiasis	DisGeNET
223	F64	Psychosexual identity disorder	DisGeNET
224	B78	Strongyloidiasis	DisGeNET
225	A91	Severe Dengue	DisGeNET
226	B64	Protozoan Infections	DisGeNET
227	J86	Empyema, Pleural	DisGeNET
228	H05	orbit (eye disorders)	DisGeNET
229	G20	Parkinson Disease	DisGeNET
230	K80	Cholelithiasis	DisGeNET
231	F59	Behavioral syndrome associated with physiological disturbance and physical factors	DisGeNET
232	B77	Ascariasis	DisGeNET
233	G41	Status Epilepticus	DisGeNET
234	J32	Chronic sinusitis	DisGeNET
235	C80	Malignant Neoplasms	DisGeNET
236	E73	Lactose Intolerance	DisGeNET
237	C51	Malignant neoplasm of vulva	DisGeNET
238	E25	Adrenogenital disorder	DisGeNET
239	F31	Bipolar Disorder	DisGeNET
240	C49	Malignant neoplasm of connective and other soft tissue, site unspecified	DisGeNET
241	M60	Myositis	DisGeNET
242	C84	Cutaneous/peripheral T-cell lymphoma	DisGeNET
243	F95	Tic disorder	DisGeNET
244	A44	Bartonella Infections	DisGeNET
245	B73	Onchocerciasis	DisGeNET
246	B74	Filariasis	DisGeNET
247	C66	Malignant neoplasm of ureter	DisGeNET
248	B79	Infection by Trichuris trichiura	DisGeNET
249	H04	Lacrimal Apparatus Diseases	DisGeNET
250	K11	Salivary Gland Diseases	DisGeNET
251	A77	Spotted Fever Group Rickettsiosis	DisGeNET
252	A03	Shigella Infections	DisGeNET
253	B34	Virus Diseases	DisGeNET
254	F29	Nonorganic psychosis	DisGeNET
255	M05	Seropositive rheumatoid arthritis	DisGeNET
256	A19	Tuberculosis, Miliary	DisGeNET
257	K42	Umbilical hernia	DisGeNET
258	L71	Rosacea	DisGeNET
259	M50	Cervical disc disorder	DisGeNET
260	G21	Secondary Parkinson Disease	DisGeNET
261	B41	Paracoccidioidomycosis	DisGeNET
262	B19	Viral hepatitis	DisGeNET
263	L68	Hypertrichosis	DisGeNET
264	F84	Pervasive Development Disorder	DisGeNET
265	K00	Tooth development and eruption disorder	DisGeNET
266	J92	Pleural plaque	DisGeNET
267	D81	Combined immunodeficiency	DisGeNET
268	B00	Herpes Simplex Infections	DisGeNET
269	H46	Optic Neuritis	DisGeNET
270	I50	Heart failure	DisGeNET
271	L83	Acanthosis Nigricans	DisGeNET
272	D32	Benign neoplasm of meninges	DisGeNET
273	C92	Myeloid Leukemia	DisGeNET
274	A95	Yellow Fever	DisGeNET
275	B51	Malaria, Vivax	DisGeNET
276	C73	Malignant neoplasm of thyroid	DisGeNET
277	A71	Trachoma	DisGeNET
278	F91	Conduct Disorder	DisGeNET
279	C37	Malignant neoplasm of thymus	DisGeNET
280	D03	Stage 0 Skin Melanoma	DisGeNET
281	B25	Cytomegalovirus Infections	DisGeNET
282	E86	Hypovolemia	DisGeNET
283	I30	Acute pericarditis	DisGeNET
284	M87	Bone necrosis	DisGeNET
285	H16	Keratitis	DisGeNET
286	A52	Syphilis, tertiary	DisGeNET
287	A38	Scarlet Fever	DisGeNET
288	G11	Ataxias, Hereditary	DisGeNET
289	M41	Scoliosis, unspecified	DisGeNET
290	G40	Epilepsy	DisGeNET
291	B44	Aspergillosis	DisGeNET
292	K90	Malabsorption Syndrome	DisGeNET
293	D27	Benign Ovarian Neoplasm	DisGeNET
294	I12	hypertensive nephropathy	DisGeNET
295	K57	Diverticular Diseases	DisGeNET
296	L42	Pityriasis Rosea	DisGeNET
297	H25	Age-related cataract	DisGeNET
298	C23	Malignant neoplasm of gallbladder	DisGeNET
299	N04	Nephrotic Syndrome	DisGeNET
300	C56	Malignant neoplasm of ovary	DisGeNET
301	H26	Other cataract	DisGeNET
302	I85	Esophageal Varices	DisGeNET
303	E20	Hypoparathyroidism	DisGeNET
304	C74	Adrenal Cancer	DisGeNET
305	H20	Iridocyclitis	DisGeNET
306	A49	Bacterial Infections	DisGeNET
307	C91	Lymphoid leukemia	DisGeNET
308	L23	Dermatitis, Allergic Contact	DisGeNET
309	A40	Streptococcal sepsis	DisGeNET
310	A23	Brucellosis	DisGeNET
311	E77	Disorder of glycoprotein metabolism	DisGeNET
312	I63	Cerebral Infarction	DisGeNET
313	A75	TYPHUS	DisGeNET
314	L20	Dermatitis, Atopic	DisGeNET
315	D25	Uterine Fibroids	DisGeNET
316	H71	Middle Ear Cholesteatoma	DisGeNET
317	I10	Essential Hypertension	DisGeNET
318	M54	Back Pain	DisGeNET
319	N23	Renal Colic	DisGeNET
320	N97	Female infertility	DisGeNET
321	I20	Angina Pectoris	DisGeNET
322	K29	Gastroduodenitis	DisGeNET
323	B50	Malaria, Falciparum	DisGeNET
324	F23	Acute transient psychotic disorder	DisGeNET
325	K51	Ulcerative Colitis	DisGeNET
326	B65	Schistosomiasis	DisGeNET
327	F50	Eating Disorders	DisGeNET
328	A30	Leprosy	DisGeNET
329	F72	Severe intellectual disability	DisGeNET
330	G60	Hereditary and idiopathic neuropathy, unspecified	DisGeNET
331	L12	Bullous pemphigoid	DisGeNET
332	N72	Uterine Cervicitis	DisGeNET
333	K21	Gastroesophageal reflux disease	DisGeNET
334	A42	Actinomycosis	DisGeNET
335	A99	Hemorrhagic Fevers, Viral	DisGeNET
336	B55	Leishmaniasis	DisGeNET
337	L01	Impetigo	DisGeNET
338	C04	Malignant neoplasm of floor of mouth	DisGeNET
339	D74	Methemoglobinemia	DisGeNET
340	I70	Atherosclerosis	DisGeNET
341	E79	Purine-Pyrimidine Metabolism, Inborn Errors	DisGeNET
342	B07	Common wart	DisGeNET
343	H10	Conjunctivitis	DisGeNET
344	I71	Aortic aneurysm and dissection	DisGeNET
345	L25	Contact Dermatitis	DisGeNET
346	C82	Lymphoma, Follicular	DisGeNET
347	F82	Motor Skills Disorders	DisGeNET
348	E29	Testicular dysfunction	DisGeNET
349	C54	Malignant Uterine Corpus Neoplasm	DisGeNET
350	I05	Rheumatic disease of mitral valve	DisGeNET
351	J22	Acute lower respiratory tract infection	DisGeNET
352	C18	Malignant tumor of colon	DisGeNET
353	J45	Asthma	DisGeNET
354	N30	Cystitis	DisGeNET
355	J47	Bronchiectasis	DisGeNET
356	B56	African Trypanosomiasis	DisGeNET
357	J60	Anthracosis	DisGeNET
358	I78	Disease of capillaries	DisGeNET
359	A86	Viral Encephalitis	DisGeNET
360	G47	Sleep Disorders	DisGeNET
361	F40	Phobic anxiety disorder	DisGeNET
362	I21	Acute myocardial infarction	DisGeNET
363	L66	Scarring alopecia	DisGeNET
364	C53	Malignant tumor of cervix	DisGeNET
365	F25	Schizoaffective Disorder	DisGeNET
366	C16	Malignant neoplasm of stomach	DisGeNET
367	J80	Respiratory Distress Syndrome, Adult	DisGeNET
368	M42	[X]Spinal osteochondrosis, unspecified	DisGeNET
369	C58	Malignant Placental Neoplasm	DisGeNET
370	B82	Intestinal Diseases, Parasitic	DisGeNET
371	F80	Specific developmental disorders of speech and language	DisGeNET
372	C11	Malignant neoplasm of nasopharynx	DisGeNET
373	E10	Diabetes Mellitus, Insulin-Dependent	DisGeNET
374	I02	Rheumatic Chorea	DisGeNET
375	I46	Cardiac Arrest	DisGeNET
376	G92	Encephalopathy, Toxic	DisGeNET
377	K46	Hernia of abdominal cavity	DisGeNET
378	A67	Pinta	DisGeNET
379	E24	Cushing Syndrome	DisGeNET
380	L60	Nail Diseases	DisGeNET
381	F01	Dementia, Vascular	DisGeNET
382	A59	Trichomonas Infections	DisGeNET
383	C15	Malignant neoplasm of esophagus	DisGeNET
384	J20	Acute bronchitis	DisGeNET
385	N46	Male infertility	DisGeNET
386	A54	Gonorrhea	DisGeNET
387	N87	Cervical dysplasia	DisGeNET
388	E85	Amyloidosis	DisGeNET
389	F52	Psychosexual dysfunction	DisGeNET
390	H49	Paralytic strabismus	DisGeNET
391	L05	Pilonidal Cyst	DisGeNET
392	J42	Bronchitis, Chronic	DisGeNET
393	F24	Shared Paranoid Disorder	DisGeNET
394	L63	Alopecia Areata	DisGeNET
395	D83	Common Variable Immunodeficiency	DisGeNET
396	I26	Pulmonary Embolism	DisGeNET
397	H40	Glaucoma	DisGeNET
398	L70	Acne	DisGeNET
399	B15	Acute type A viral hepatitis	DisGeNET
400	B35	Dermatophytosis	DisGeNET
401	B54	Malaria	DisGeNET
402	E12	Malnutrition related diabetes mellitus	DisGeNET
403	B46	Zygomycosis	DisGeNET
404	F90	Attention deficit hyperactivity disorder	DisGeNET
405	N17	Kidney Failure, Acute	DisGeNET
406	K14	Tongue Diseases	DisGeNET
407	N96	Abortion, Habitual	DisGeNET
408	C95	leukemia	DisGeNET
409	N20	Calculus of kidney and ureter	DisGeNET
410	G35	Multiple Sclerosis	DisGeNET
411	N40	Prostatic Hyperplasia	DisGeNET
412	B67	Echinococcosis	DisGeNET
413	B05	Measles	DisGeNET
414	F14	Mental and behavioral disorders due to use of cocaine, unspecified mental and behavioral disorder	DisGeNET
415	E54	Ascorbic Acid Deficiency	DisGeNET
416	J40	Bronchitis	DisGeNET
417	K02	Dental caries	DisGeNET
418	F45	Somatoform Disorder	DisGeNET
419	A27	Leptospirosis	DisGeNET
420	M33	Dermatomyositis	DisGeNET
421	C46	Kaposi Sarcoma	DisGeNET
422	L41	Parapsoriasis	DisGeNET
423	D46	MYELODYSPLASTIC SYNDROME	DisGeNET
424	I83	Varicose veins of lower extremity	DisGeNET
425	M65	Synovitis and tenosynovitis	DisGeNET
426	B27	Infectious Mononucleosis	DisGeNET
427	B02	Herpes zoster disease	DisGeNET
428	A51	Early syphilis, unspecified	DisGeNET
429	L50	Urticaria	DisGeNET
430	A22	Anthrax disease	DisGeNET
431	A68	Relapsing Fever	DisGeNET
432	I84	Hemorrhoids	DisGeNET
433	I64	Cerebrovascular accident	DisGeNET
434	J33	Nasal Polyps	DisGeNET
435	C52	Malignant Vaginal Neoplasm	DisGeNET
436	E88	lipodystrophy	Disease Ontology
437	Z88	mepivacaine allergy	Disease Ontology
438	J16	Chlamydia pneumonia	Disease Ontology
439	O26	pemphigoid gestationis	Disease Ontology
440	L95	erythema elevatum diutinum	Disease Ontology
441	A83	St. Louis encephalitis	Disease Ontology
442	D76	hemophagocytic lymphohistiocytosis	Disease Ontology
443	J01	acute ethmoiditis	Disease Ontology
444	B36	pityriasis versicolor	Disease Ontology
445	J35	tonsillitis	Disease Ontology
446	J04	acute laryngitis	Disease Ontology
447	J69	lipid pneumonia	Disease Ontology
448	J84	interstitial lung disease	Disease Ontology
449	A18	tuberculous peritonitis	Disease Ontology
450	G70	neuromuscular disease	Disease Ontology
451	E00	congenital hypothyroidism	Disease Ontology
452	G25	essential tremor	Disease Ontology
453	Q82	cutis laxa	Disease Ontology
454	E31	autoimmune polyendocrine syndrome	Disease Ontology
455	A81	subacute sclerosing panencephalitis	Disease Ontology
456	E75	lipid storage disease	Disease Ontology
457	I49	sick sinus syndrome	Disease Ontology
458	M04	familial Mediterranean fever	Disease Ontology
459	Q04	hydranencephaly	Disease Ontology
460	A31	Buruli ulcer disease	Disease Ontology
461	Q93	Angelman syndrome	Disease Ontology
462	Q84	Ambras type hypertrichosis universalis congenita	Disease Ontology
463	E78	Smith-Lemli-Opitz syndrome	Disease Ontology
464	R21	exanthem	Disease Ontology
465	B08	cowpox	Disease Ontology
466	G12	progressive bulbar palsy	Disease Ontology
467	H53	scotoma	Disease Ontology
468	H35	toxic maculopathy	Disease Ontology
469	H90	sensorineural hearing loss	Disease Ontology
470	Q87	nail-patella syndrome	Disease Ontology
471	Q61	autosomal dominant polycystic kidney disease	Disease Ontology
472	Q77	achondroplasia	Disease Ontology
473	G31	Leigh disease	Disease Ontology
474	E70	tyrosinemia	Disease Ontology
475	G98	nervous system disease	Disease Ontology
476	Q21	tetralogy of Fallot	Disease Ontology
477	Q86	fetal alcohol syndrome	Disease Ontology
478	K76	peliosis hepatis	Disease Ontology
479	F17	nicotine dependence	Disease Ontology
480	G71	muscular dystrophy	Disease Ontology
481	E16	hypoglycemia	Disease Ontology
482	I44	left bundle branch hemiblock	Disease Ontology
483	I07	tricuspid valve disease	Disease Ontology
484	C85	primary mediastinal B-cell lymphoma	Disease Ontology
485	C88	hypersensitivity reaction type IV disease	Disease Ontology
486	R48	prosopagnosia	Disease Ontology
487	G72	myopathy	Disease Ontology
488	K52	gastroenteritis	Disease Ontology
489	K55	perinatal necrotizing enterocolitis	Disease Ontology
490	A04	Clostridium difficile colitis	Disease Ontology
491	G37	central pontine myelinolysis	Disease Ontology
492	Q78	Camurati-Engelmann disease	Disease Ontology
493	E76	mucopolysaccharidosis IV	Disease Ontology
494	M21	Bruck syndrome	Disease Ontology
495	Q38	ankyloglossia	Disease Ontology
496	H02	eyelid disease	Disease Ontology
497	Q10	congenital ptosis	Disease Ontology
498	K82	hydrops of gallbladder	Disease Ontology
499	Q13	Axenfeld-Rieger syndrome	Disease Ontology
500	D84	complement deficiency	Disease Ontology
501	K12	ulcerative stomatitis	Disease Ontology
502	K13	oral mucosa leukoplakia	Disease Ontology
503	Q32	tracheomalacia	Disease Ontology
504	J85	lung abscess	Disease Ontology
505	Q79	Ehlers-Danlos syndrome hypermobility type	Disease Ontology
506	H70	petrositis	Disease Ontology
507	K04	periapical periodontitis	Disease Ontology
508	D26	cervical polyp	Disease Ontology
509	Q05	spina bifida	Disease Ontology
510	K60	anal fistula	Disease Ontology
511	O00	ectopic pregnancy	Disease Ontology
512	P70	neonatal diabetes	Disease Ontology
513	E71	maple syrup urine disease	Disease Ontology
514	Q18	agnathia-otocephaly complex	Disease Ontology
515	Q85	neurofibromatosis	Disease Ontology
516	Q99	fragile X syndrome	Disease Ontology
517	Q92	chromosome 5p13 duplication syndrome	Disease Ontology
518	H18	nodular degeneration of cornea	Disease Ontology
519	D75	polycythemia	Disease Ontology
520	A92	Venezuelan equine encephalitis	Disease Ontology
521	D61	myelophthisic anemia	Disease Ontology
522	D82	Wiskott-Aldrich syndrome	Disease Ontology
523	Q68	lethal congenital contracture syndrome	Disease Ontology
524	D68	protein C deficiency	Disease Ontology
525	Q81	epidermolysis bullosa dystrophica	Disease Ontology
526	K83	biliary tract disease	Disease Ontology
527	D69	Evans' syndrome	Disease Ontology
528	Q80	epidermolytic hyperkeratosis	Disease Ontology
529	Q00	anencephaly	Disease Ontology
530	Q28	arteriovenous malformations of the brain	Disease Ontology
531	I47	catecholaminergic polymorphic ventricular tachycardia 5	Disease Ontology
532	L65	follicular mucinosis	Disease Ontology
533	E83	Wilson disease	Disease Ontology
534	D47	myelofibrosis	Disease Ontology
535	Q51	hand-foot-genital syndrome	Disease Ontology
536	E07	thyroid gland disease	Disease Ontology
537	M85	sclerosteosis 2	Disease Ontology
538	Q14	coloboma of optic nerve	Disease Ontology
539	Q20	double outlet right ventricle	Disease Ontology
540	P78	perinatal intestinal perforation	Disease Ontology
541	Q11	microphthalmia	Disease Ontology
542	Q15	hydrophthalmos	Disease Ontology
543	Q45	annular pancreas	Disease Ontology
544	E72	hyperargininemia	Disease Ontology
545	A02	salmonellosis	Disease Ontology
546	E23	Sheehan syndrome	Disease Ontology
547	E03	hypothyroidism	Disease Ontology
548	I89	lymphangitis	Disease Ontology
549	Q22	Ebstein anomaly	Disease Ontology
550	L74	sweat gland disease	Disease Ontology
551	N32	bladder disease	Disease Ontology
552	M89	Caffey disease	Disease Ontology
553	Q64	bladder exstrophy	Disease Ontology
554	G00	bacterial meningitis	Disease Ontology
555	D12	familial adenomatous polyposis 2	Disease Ontology
556	D80	transient hypogammaglobulinemia of infancy	Disease Ontology
557	U07	COVID-19	Disease Ontology
558	E34	Laron syndrome	Disease Ontology
559	N39	urinary tract infection	Disease Ontology
560	Q31	laryngomalacia	Disease Ontology
561	C83	Burkitt lymphoma	Disease Ontology
562	E74	galactosemia	Disease Ontology
563	Q60	Potter's syndrome	Disease Ontology
564	Q71	split hand-foot malformation 1	Disease Ontology
565	E27	adrenal gland disease	Disease Ontology
566	E13	Wolfram syndrome 2	Disease Ontology
567	Q74	radioulnar synostosis	Disease Ontology
568	Q56	pseudohermaphroditism	Disease Ontology
569	G73	lethal congenital glycogen storage disease of heart	Disease Ontology
570	Q76	Klippel-Feil syndrome	Disease Ontology
571	E30	aromatase excess syndrome	Disease Ontology
572	D72	hypereosinophilic syndrome	Disease Ontology
573	Q35	cleft palate	Disease Ontology
574	Q12	congenital aphakia	Disease Ontology
575	Q34	primary ciliary dyskinesia 24	Disease Ontology
576	I45	Wolff-Parkinson-White syndrome	Disease Ontology
577	G23	progressive supranuclear palsy	Disease Ontology
578	Q73	brachydactyly type B2	Disease Ontology
579	M11	hyperphosphatemic familial tumoral calcinosis	Disease Ontology
580	C86	angioimmunoblastic T-cell lymphoma	Disease Ontology
581	H47	Leber hereditary optic neuropathy	Disease Ontology
582	E22	inappropriate ADH syndrome	Disease Ontology
583	A00-A09	intestinal infectious disease	Disease Ontology
584	C24	biliary tract cancer	Disease Ontology
585	N73	acute female pelvic peritonitis	Disease Ontology
586	J98	lung disease	Disease Ontology
587	H52	refractive error	Disease Ontology
588	A50	congenital syphilis	Disease Ontology
589	B71	hymenolepiasis	Disease Ontology
590	B70	sparganosis	Disease Ontology
591	H11	conjunctival disease	Disease Ontology
592	C40	malignant neoplasm of short bones of lower limb	Disease Ontology
593	C26	spleen cancer	Disease Ontology
594	H50	alternating esotropia	Disease Ontology
595	F65	pedophilia	Disease Ontology
596	H92	otorrhea	Disease Ontology
597	I73	erythromelalgia	Disease Ontology
598	I33	endocarditis	Disease Ontology
599	J61	asbestosis	Disease Ontology
600	J63	siderosis	Disease Ontology
601	J66	byssinosis	Disease Ontology
602	G03	meningitis	Disease Ontology
603	N60	breast fibrocystic disease	Disease Ontology
604	C94	mast-cell leukemia	Disease Ontology
605	C63	scrotum neoplasm	Disease Ontology
606	A66	early yaws	Disease Ontology
607	G54	brachial plexus neuropathy	Disease Ontology
608	A48	gas gangrene	Disease Ontology
609	J31	chronic rhinitis	Disease Ontology
610	M76	anterior compartment syndrome	Disease Ontology
611	Q39	esophageal atresia	Disease Ontology
612	Q41	intestinal atresia	Disease Ontology
613	Q43	Meckel's diverticulum	Disease Ontology
614	Q42	imperforate anus	Disease Ontology
615	I24	Dressler's syndrome	Disease Ontology
616	J12	severe acute respiratory syndrome	Disease Ontology
617	H68	otosalpingitis	Disease Ontology
618	A69	noma	Disease Ontology
619	O14	HELLP syndrome	Disease Ontology
620	A15	tuberculous pneumothorax	Disease Ontology
621	R73	hyperglycemia	Disease Ontology
622	N12	pyelitis	Disease Ontology
623	F21	schizotypal personality disorder	Disease Ontology
624	N64	breast disease	Disease Ontology
625	N62	gynecomastia	Disease Ontology
626	B66	fasciolopsiasis	Disease Ontology
627	A07	sarcocystosis	Disease Ontology
628	C57	fallopian tube cancer	Disease Ontology
629	H66	chronic tubotympanic suppurative otitis media	Disease Ontology
630	M31	hypersensitivity vasculitis	Disease Ontology
631	I88	mesenteric lymphadenitis	Disease Ontology
632	C30	nasal cavity cancer	Disease Ontology
633	B33	epidemic pleurodynia	Disease Ontology
634	Q54	hypospadias	Disease Ontology
635	Q02	microcephaly	Disease Ontology
636	R41	anterograde amnesia	Disease Ontology
637	K28	gastrojejunal ulcer	Disease Ontology
638	F60	histrionic personality disorder	Disease Ontology
639	F44	conversion disorder	Disease Ontology
640	F63	pyromania	Disease Ontology
641	N08	kidney disease	Disease Ontology
642	G80	cerebral palsy	Disease Ontology
643	N70	salpingitis	Disease Ontology
644	P55	hemolytic disease of the fetus	Disease Ontology
645	M46	spondylitis	Disease Ontology
646	H27	anterior dislocation of lens	Disease Ontology
647	P24	meconium aspiration syndrome	Disease Ontology
648	A28	cat-scratch disease	Disease Ontology
649	O44	placenta praevia	Disease Ontology
650	B88	mite infestation	Disease Ontology
651	B87	myiasis	Disease Ontology
652	H31	choroideremia	Disease Ontology
653	P84	asphyxia neonatorum	Disease Ontology
654	A79	rickettsialpox	Disease Ontology
655	N13	vesicoureteral reflux	Disease Ontology
656	N42	prostate disease	Disease Ontology
657	P28	pulmonary immaturity	Disease Ontology
658	J96	respiratory failure	Disease Ontology
659	A63	anogenital venereal wart	Disease Ontology
660	H65	acute serous otitis media	Disease Ontology
661	B48	geotrichosis	Disease Ontology
662	Q70	syndactyly	Disease Ontology
663	J06	acute laryngopharyngitis	Disease Ontology
664	E21	hyperparathyroidism	Disease Ontology
665	F11	opiate dependence	Disease Ontology
666	H73	tympanic membrane disease	Disease Ontology
667	H74	polyp of middle ear	Disease Ontology
668	P61	transient neonatal thrombocytopenia	Disease Ontology
669	P60	DIC in newborn	Disease Ontology
670	E56	vitamin K deficiency bleeding	Disease Ontology
671	A98	Omsk hemorrhagic fever	Disease Ontology
672	E05	hyperthyroidism	Disease Ontology
673	J67	maple bark strippers' lung	Disease Ontology
674	I77	median arcuate ligament syndrome	Disease Ontology
675	I65	occlusion precerebral artery	Disease Ontology
676	L94	localized scleroderma	Disease Ontology
677	A35	tetanus	Disease Ontology
678	K06	gingival overgrowth	Disease Ontology
679	H15	nodular episcleritis	Disease Ontology
680	N21	lower urinary tract calculus	Disease Ontology
681	A93	Colorado tick fever	Disease Ontology
682	K59	bowel dysfunction	Disease Ontology
683	B83	toxocariasis	Disease Ontology
684	Q53	cryptorchidism	Disease Ontology
685	I51	myocarditis	Disease Ontology
686	N16	pyelonephritis	Disease Ontology
687	G93	brain disease	Disease Ontology
688	M81	osteoporosis	Disease Ontology
689	Q69	polydactyly	Disease Ontology
690	I31	cardiac tamponade	Disease Ontology
691	Q23	hypoplastic left heart syndrome	Disease Ontology
692	I82	vein disease	Disease Ontology
693	H57	Argyll Robertson pupil	Disease Ontology
694	J38	laryngostenosis	Disease Ontology
695	G83	diplegia of upper limb	Disease Ontology
696	C38	mediastinal cancer	Disease Ontology
697	P83	infant gynecomastia	Disease Ontology
698	N81	midline cystocele	Disease Ontology
699	P27	bronchopulmonary dysplasia	Disease Ontology
700	M12	villonodular synovitis	Disease Ontology
701	Q91	Patau syndrome	Disease Ontology
702	O24	gestational diabetes	Disease Ontology
703	J37	chronic laryngitis	Disease Ontology
704	H43	vitreous detachment	Disease Ontology
705	Q66	clubfoot	Disease Ontology
706	I22	coronary thrombosis	Disease Ontology
707	G58	mononeuritis multiplex	Disease Ontology
708	K31	duodenal obstruction	Disease Ontology
709	C33	tracheal cancer	Disease Ontology
710	N95	postmenopausal atrophic vaginitis	Disease Ontology
711	A05	staphyloenterotoxemia	Disease Ontology
712	N50	male reproductive system disease	Disease Ontology
713	N43	infected hydrocele	Disease Ontology
714	P57	kernicterus	Disease Ontology
715	T78	angioedema	Disease Ontology
716	A25	Haverhill fever	Disease Ontology
717	F34	cyclothymic disorder	Disease Ontology
718	G56	median neuropathy	Disease Ontology
719	E04	nontoxic goiter	Disease Ontology
720	O41	oligohydramnios	Disease Ontology
721	M94	chondromalacia	Disease Ontology
722	M67	Plica syndrome	Disease Ontology
723	C44	sebaceous carcinoma	Disease Ontology
724	E80	porphyria cutanea tarda	Disease Ontology
725	I27	Cor pulmonale	Disease Ontology
726	I86	pelvic varices	Disease Ontology
727	H69	patulous eustachian tube	Disease Ontology
728	J18	bronchopneumonia	Disease Ontology
729	B81	anisakiasis	Disease Ontology
730	G52	cranial nerve disease	Disease Ontology
731	G57	peroneal nerve paralysis	Disease Ontology
732	K72	hepatic coma	Disease Ontology
733	N77	ulceration of vulva	Disease Ontology
734	P72	neonatal thyrotoxicosis	Disease Ontology
735	M70	olecranon bursitis	Disease Ontology
736	Q40	displacement of cardia through esophageal hiatus	Disease Ontology
737	H93	auditory system disease	Disease Ontology
738	K03	tooth erosion	Disease Ontology
739	P22	newborn respiratory distress syndrome	Disease Ontology
740	I67	hypertensive encephalopathy	Disease Ontology
741	N83	ovarian cyst	Disease Ontology
742	C69	cornea cancer	Disease Ontology
743	F16	hallucinogen dependence	Disease Ontology
744	G82	paraplegia	Disease Ontology
745	G61	chronic inflammatory demyelinating polyradiculoneuropathy	Disease Ontology
746	M35	polymyalgia rheumatica	Disease Ontology
747	B53	Plasmodium ovale malaria	Disease Ontology
748	D58	congenital hemolytic anemia	Disease Ontology
749	G45	transient cerebral ischemia	Disease Ontology
750	N47	paraphimosis	Disease Ontology
751	N48	priapism	Disease Ontology
752	P29	persistent fetal circulation syndrome	Disease Ontology
753	P91	periventricular leukomalacia	Disease Ontology
754	D53	megaloblastic anemia	Disease Ontology
755	H00	hordeolum	Disease Ontology
756	E01	endemic goiter	Disease Ontology
757	C34	main bronchus cancer	Disease Ontology
758	A01	paratyphoid fever	Disease Ontology
759	J15	bacterial pneumonia	Disease Ontology
760	K86	pancreas disease	Disease Ontology
761	P37	neonatal candidiasis	Disease Ontology
762	M22	chondromalacia patellae	Disease Ontology
763	M61	fibrodysplasia ossificans progressiva	Disease Ontology
764	M30	polyarteritis nodosa	Disease Ontology
765	D64	sideroblastic anemia	Disease Ontology
766	D51	pernicious anemia	Disease Ontology
767	N34	urethral gland abscess	Disease Ontology
768	N36	urethral diverticulum	Disease Ontology
769	P39	ophthalmia neonatorum	Disease Ontology
770	A33	tetanus neonatorum	Disease Ontology
771	C31	sphenoidal sinus cancer	Disease Ontology
772	O43	placenta disease	Disease Ontology
773	M27	exostosis	Disease Ontology
774	O15	eclampsia	Disease Ontology
775	Q44	Alagille syndrome	Disease Ontology
776	D55	favism	Disease Ontology
777	K62	rectal prolapse	Disease Ontology
778	G04	tropical spastic paraparesis	Disease Ontology
779	N71	uterine inflammatory disease	Disease Ontology
780	B85	Pediculus humanus corporis infestation	Disease Ontology
781	A74	inclusion conjunctivitis	Disease Ontology
782	L75	Fox-Fordyce disease	Disease Ontology
783	H01	ulcerative blepharitis	Disease Ontology
784	Q25	supravalvular aortic stenosis	Disease Ontology
785	N91	amenorrhea	Disease Ontology
786	H21	rubeosis iridis	Disease Ontology
787	C68	urethra cancer	Disease Ontology
788	M77	tendinitis	Disease Ontology
789	C21	anus cancer	Disease Ontology
790	R82	hemoglobinuria	Disease Ontology
791	I09	rheumatic pulmonary valve disease	Disease Ontology
792	M75	shoulder impingement syndrome	Disease Ontology
793	G62	neuropathy	Disease Ontology
794	Q90	Down syndrome	Disease Ontology
795	M06	rheumatoid arthritis	Disease Ontology
796	N90	vulvar dystrophy	Disease Ontology
797	M14	neurogenic arthropathy	Disease Ontology
798	H54	blindness	Disease Ontology
799	F41	panic disorder	Disease Ontology
800	B52	Plasmodium malariae malaria	Disease Ontology
801	M91	Legg-Calve-Perthes disease	Disease Ontology
802	B72	dracunculiasis	Disease Ontology
803	K91	postcholecystectomy syndrome	Disease Ontology
804	E89	post-surgical hypoinsulinemia	Disease Ontology
805	I75	cholesterol embolism	Disease Ontology
806	H83	labyrinthine dysfunction	Disease Ontology
807	K05	periodontosis	Disease Ontology
808	D18	cavernous hemangioma	Disease Ontology
809	M79	fibromyalgia	Disease Ontology
810	C75	carotid body cancer	Disease Ontology
811	F09	cognitive disorder	Disease Ontology
812	B43	chromoblastomycosis	Disease Ontology
813	F10	alcohol use disorder	Disease Ontology
814	I00-I02	rheumatic fever	Disease Ontology
815	L04	lymphadenitis	Disease Ontology
816	E15	hypoglycemic coma	Disease Ontology
817	D48	benign breast phyllodes tumor	Disease Ontology
818	Q24	congenital heart block	Disease Ontology
819	D3A	neuroendocrine tumor	Disease Ontology
820	C48	retroperitoneal cancer	Disease Ontology
821	I72	vascular disease	Disease Ontology
822	D13	islet cell tumor	Disease Ontology
823	F12	cannabis abuse	Disease Ontology
824	Q98	Klinefelter syndrome	Disease Ontology
825	C20	rectum cancer	Disease Ontology
826	H61	external ear disease	Disease Ontology
827	K73	hepatitis	Disease Ontology
828	N88	cervical incompetence	Disease Ontology
829	M24	ankylosis	Disease Ontology
830	N76	vulvitis	Disease Ontology
831	L73	hidradenitis suppurativa	Disease Ontology
832	M43	spondylolisthesis	Disease Ontology
833	F98	stereotypic movement disorder	Disease Ontology
834	C41	mandibular cancer	Disease Ontology
835	Q75	Treacher Collins syndrome	Disease Ontology
836	D89	autoimmune lymphoproliferative syndrome	Disease Ontology
837	I87	post-thrombotic syndrome	Disease Ontology
838	P59	neonatal jaundice	Disease Ontology
839	C96	dendritic cell sarcoma	Disease Ontology
840	C64	kidney cancer	Disease Ontology
841	K09	dermoid cyst	Disease Ontology
842	C22	hepatoblastoma	Disease Ontology
843	D21	myoma	Disease Ontology
844	J94	hemopneumothorax	Disease Ontology
845	L30	dermatitis	Disease Ontology
846	N28	kidney hypertrophy	Disease Ontology
847	L22	obsolete diaper rash	Disease Ontology
848	C19	rectosigmoid junction cancer	Disease Ontology
849	Q03	Dandy-Walker syndrome	Disease Ontology
850	C72	spinal cancer	Disease Ontology
851	T75	motion sickness	Disease Ontology
852	M71	bursitis	Disease Ontology
853	N15	renal infectious disease	Disease Ontology
854	J44	chronic obstructive pulmonary disease	Disease Ontology
855	G95	vascular myelopathy	Disease Ontology
856	S12	laryngeal disease	Disease Ontology
857	D71	chronic granulomatous disease	Disease Ontology
858	B04	mpox	Disease Ontology
859	G96	intracranial hypotension	Disease Ontology
860	D17	lipoma	Disease Ontology
861	L85	palmoplantar keratosis	Disease Ontology
862	N85	uterine inversion	Disease Ontology
863	Q96	Turner syndrome	Disease Ontology
864	G46	lateral medullary syndrome	Disease Ontology
865	O01	gestational trophoblastic neoplasm	Disease Ontology
866	E87	lactic acidosis	Disease Ontology
867	C90	multiple myeloma	Disease Ontology
868	N89	leukoplakia of vagina	Disease Ontology
869	L92	granuloma annulare	Disease Ontology
870	L56	porokeratosis	Disease Ontology
871	M00-M02	arthropathy	Disease Ontology
872	L81	angioma serpiginosum	Disease Ontology
873	L08	pyoderma	Disease Ontology
874	B60	babesiosis	Disease Ontology
875	Q26	scimitar syndrome	Disease Ontology
876	Q50	parovarian cyst	Disease Ontology
877	I66	intracranial embolism	Disease Ontology
878	F81	learning disability	Disease Ontology
879	J09	avian influenza	Disease Ontology
880	J30	vasomotor rhinitis	Disease Ontology
881	N01	rapidly progressive glomerulonephritis	Disease Ontology
882	G14	postpoliomyelitis syndrome	Disease Ontology
883	F48	neurotic disorder	Disease Ontology
884	C76	thoracic cancer	Disease Ontology
885	D07	penis carcinoma in situ	Disease Ontology
886	A85	von Economo's disease	Disease Ontology
887	B20	acquired immunodeficiency syndrome	Disease Ontology
888	K63	intestinal disease	Disease Ontology
889	E32	thymus gland disease	Disease Ontology
890	R91	pulmonary coin lesion	Disease Ontology
891	H51	internuclear ophthalmoplegia	Disease Ontology
892	T79	compartment syndrome	Disease Ontology
893	Q07	jaw-winking syndrome	Disease Ontology
894	I06	aortic valve insufficiency	Disease Ontology
895	R80	orthostatic proteinuria	Disease Ontology
896	D55-D59	hemolytic anemia	Disease Ontology
897	J82	Loeffler syndrome	Disease Ontology
898	K22	Barrett's esophagus	Disease Ontology
899	D02	larynx carcinoma in situ	Disease Ontology
900	M02	reactive arthritis	Disease Ontology
901	M48	spinal stenosis	Disease Ontology
902	M53	Barre-Lieou syndrome	Disease Ontology
903	C70	spinal meninges cancer	Disease Ontology
904	N94	premenstrual tension	Disease Ontology
905	M72	necrotizing fasciitis	Disease Ontology
906	D19	adenomatoid tumor	Disease Ontology
907	M92	Osgood-Schlatter's disease	Disease Ontology
908	Q89	situs inversus	Disease Ontology
909	K92	gastrointestinal system disease	Disease Ontology
910	F22	delusional disorder	Disease Ontology
911	M25	hemarthrosis	Disease Ontology
912	M93	osteochondritis dissecans	Disease Ontology
913	B86	scabies	Disease Ontology
914	K56	intestinal impaction	Disease Ontology
915	E53	pyridoxine deficiency anemia	Disease Ontology
916	J11	influenza	Disease Ontology
917	M19	arthritis	Disease Ontology
918	O40	polyhydramnios	Disease Ontology
919	L13	subcorneal pustular dermatosis	Disease Ontology
920	N75	Bartholin's duct cyst	Disease Ontology
921	O88	puerperal pulmonary embolism	Disease Ontology
922	F13	barbiturate abuse	Disease Ontology
923	T88	malignant hyperthermia	Disease Ontology
924	L98	neurotic excoriation	Disease Ontology
925	L44	pityriasis rubra pilaris	Disease Ontology
926	L28	lichen disease	Disease Ontology
927	C05	hard palate cancer	Disease Ontology
928	C03	lower gum cancer	Disease Ontology
929	C02	tongue cancer	Disease Ontology
930	B01	chickenpox	Disease Ontology
931	D00	stomach carcinoma in situ	Disease Ontology
932	D04	skin carcinoma in situ	Disease Ontology
933	C06	vestibule of mouth cancer	Disease Ontology
934	D09	kidney carcinoma in situ	Disease Ontology
935	D01	rectum carcinoma in situ	Disease Ontology
936	L57	actinic keratosis	Disease Ontology
937	G36	neuromyelitis optica	Disease Ontology
938	C14	Waldeyer's ring cancer	Disease Ontology
939	N84	polyp of corpus uteri	Disease Ontology
940	A58	granuloma inguinale	Disease Ontology
941	C12	pyriform sinus cancer	Disease Ontology
942	Q36	cleft lip	Disease Ontology
943	E08-E13	diabetes mellitus	Disease Ontology
944	N49	vesiculitis	Disease Ontology
945	J05	epiglottitis	Disease Ontology
946	F53	postpartum depression	Disease Ontology
947	A53	latent syphilis	Disease Ontology
948	A96	Lassa fever	Disease Ontology
949	Q30	choanal atresia	Disease Ontology
950	O20	placental abruption	Disease Ontology
951	K64	hemorrhoid	Disease Ontology
952	P96	neonatal abstinence syndrome	Disease Ontology
953	E67	hypervitaminosis A	Disease Ontology
954	O90	peripartum cardiomyopathy	Disease Ontology
955	D44	Non-functioning paraganglioma	Orphanet
956	I00	Rheumatic fever	Orphanet
957	I01	Rheumatic fever	Orphanet
958	Q16	Anotia	Orphanet
959	C97	Li-Fraumeni syndrome	Orphanet
960	Q97	Trisomy X	Orphanet
961	Q27	Congenital renal artery stenosis	Orphanet
962	R77	Congenital analbuminemia	Orphanet
963	P35	Congenital Epstein-Barr virus infection	Orphanet
964	Q83	Epibulbar lipodermoid-preauricular appendage-polythelia syndrome	Orphanet
965	Q33	Williams-Campbell syndrome	Orphanet
966	D28	Benign tumor of fallopian tubes	Orphanet
967	Q52	Isolated persistent urogenital sinus	Orphanet
968	S27	Acute lung injury	Orphanet
969	J99	Secondary pulmonary hemosiderosis	Orphanet
970	Q01	Cranial meningocele	Orphanet
971	H13	Ocular cicatricial pemphigoid	Orphanet
972	D41	Congenital mesoblastic nephroma	Orphanet
973	Q37	Cleft lip/palate	Orphanet
974	G53	Ramsay Hunt syndrome	Orphanet
975	A34	Tetanus	Orphanet
976	K75	Inflammatory pseudotumor of the liver	Orphanet
977	Q55	Idiopathic isolated micropenis	Orphanet
978	K10	Osteoradionecrosis of the mandible	Orphanet
979	P56	Hydrops fetalis	Orphanet
980	Q67	Hemifacial myohyperplasia	Orphanet
981	L99	X-linked reticulate pigmentary disorder	Orphanet
982	Q06	Split cord malformation, composite type	Orphanet
983	U04	Severe acute respiratory syndrome	Orphanet
984	P00	Maternal riboflavin deficiency	Orphanet
985	T56	Argyria	Orphanet
986	Q95	Mosaic genome-wide paternal uniparental disomy	Orphanet
987	Q65	Hip dysplasia, Beukes type	Orphanet
988	Q72	Isolated fibular hemimelia	Orphanet
989	I69	Superficial siderosis	Orphanet
990	D43	RELA fusion-positive ependymoma	Orphanet
991	D33	Central neurocytoma	Orphanet
992	D36	Extraneural perineurioma	Orphanet
993	J39	Eosinophilic angiocentric fibrosis	Orphanet
994	R65	Unexplained long-lasting fever/inflammatory syndrome	Orphanet
995	N31	Urofacial syndrome	Orphanet
996	D16	Florid cemento-osseous dysplasia	Orphanet
997	N07	Collagen type III glomerulopathy	Orphanet
998	Q63	Non-syndromic supernumerary kidneys	Orphanet
999	I97	Postcardiotomy right ventricular failure	Orphanet
1000	D31	Ring dermoid of cornea	Orphanet
1001	Y84	Complication in hemodialysis	Orphanet
1002	K07	Oculootodental syndrome	Orphanet
1003	J70	Drug or radiation exposure-related interstitial lung disease	Orphanet
1004	L67	Pili gemini	Orphanet
1005	D11	Benign epithelial tumor of salivary glands	Orphanet
1006	L72	Proliferating trichilemmal cyst	Orphanet
1007	Q17	Microtia	Orphanet
1008	D35	Cushing disease	Orphanet
1009	T37	Toxic maculopathy due to antimalarial drugs	Orphanet
1010	H32	Infectious posterior uveitis	Orphanet
1011	G05	Central nervous system tuberculosis	Orphanet
1012	D39	Gynandroblastoma	Orphanet
1013	R74	Isolated asymptomatic elevation of creatine phosphokinase	Orphanet
1014	G63	Central nervous system tuberculosis	Orphanet
1015	G13	NMDA receptor encephalitis	Orphanet
1016	T45	5-fluorouracil poisoning	Orphanet
1017	P74	Transient hyperammonemia of the newborn	Orphanet
1018	X46	Toxic oil syndrome	Orphanet
1019	I28	Idiopathic pulmonary artery dilatation	Orphanet
1020	C47	Malignant peripheral nerve sheath tumor	Orphanet
1021	L59	Erythema palmare hereditarium	Orphanet
1022	Q62	Congenital primary megaureter	Orphanet
1023	H91	Sensorineural hearing loss-spastic quadriplegia-intellectual disability syndrome	Orphanet
1024	J17	Pneumocystosis	Orphanet
1025	D40	Gynandroblastoma	Orphanet
1026	X44	Acute poisoning by drugs with membrane-stabilizing effect	Orphanet
1027	D23	Brooke-Spiegler syndrome	Orphanet
1028	D10	Juvenile nasopharyngeal angiofibroma	Orphanet
1029	I34	Familial mitral valve prolapse	Orphanet
1030	L27	Acute generalized exanthematous pustulosis	Orphanet
1031	O99	Familial gestational hyperthyroidism	Orphanet
1032	P76	Intestinal obstruction in the newborn due to guanylate cyclase 2C deficiency	Orphanet
1033	T57	Manganese poisoning	Orphanet
1034	T86	Graft versus host disease	Orphanet
1035	G99	Hereditary sodium channelopathy-related small fibers neuropathy	Orphanet
1036	D30	Multiloculated renal cyst	Orphanet
1037	T66	Acute radiation syndrome	Orphanet
1038	T63	Scorpion envenomation	Orphanet
1039	F78	CLCN4-related X-linked intellectual disability syndrome	Orphanet
1040	J34	Silent sinus syndrome	Orphanet
1041	T65	Cyanide poisoning	Orphanet
1042	B17	Hepatitis delta	Orphanet
1043	P77	Necrotizing enterocolitis	Orphanet
1044	L53	Zinc-responsive necrolytic acral erythema	Orphanet
1045	P14	Non-recovering obstetric brachial plexus lesion	Orphanet
1046	P02	Vasa previa	Orphanet
1047	I68	Cerebral Amyloid Angiopathy	Orphanet
1048	B21	HIV-associated cancer	Orphanet
1049	J95	Ventilator-induced diaphragmatic dysfunction	Orphanet
1050	C78	Pseudomyxoma peritonei	Orphanet
1051	D15	Thymoma	Orphanet
1052	I48	Familial atrial fibrillation	Orphanet
1053	T46	Digitalis poisoning	Orphanet
1054	T52	Ethylene glycol poisoning	Orphanet
1055	T60	Systemic monochloroacetate poisoning	Orphanet
1056	T50	Colchicine poisoning	Orphanet
1057	T51	Methanol poisoning	Orphanet
1058	D20	Disseminated peritoneal leiomyomatosis	Orphanet
1059	H19	Amoebic keratitis	Orphanet
1060	N98	Ovarian hyperstimulation syndrome	Orphanet
1061	Y14	Methotrexate toxicity	Orphanet
1062	L87	Familial reactive perforating collagenosis	Orphanet
1063	J68	Respiratory bronchiolitis-interstitial lung disease syndrome	Orphanet
1064	T62	Ricin poisoning	Orphanet
1065	I99	HANAC syndrome	Orphanet
1066	T40	Cocaine intoxication	Orphanet
1067	G01*	Central nervous system tuberculosis	Orphanet
1068	N02	Immunoglobulin A nephropathy	Orphanet
1069	T43	Serotonin syndrome	Orphanet
1070	I74	Acute peripheral arterial occlusion	Orphanet
1071	T30	Partial deep dermal and full thickness burns	Orphanet
1072	P36	Sepsis in premature infants	Orphanet
1073	T09	Spinal cord injury	Orphanet
1074	R04	Diffuse alveolar hemorrhage	Orphanet
1075	Z94	Complications after hematopoietic stem cell transplantation	Orphanet
1076	S06	Moderate and severe traumatic brain injury	Orphanet
1077	G97	Radiation myelitis	Orphanet
1078	H59	Scarring in glaucoma filtration surgical procedures	Orphanet
1079	B22	AIDS wasting syndrome	Orphanet
1080	M09	Psoriasis-related juvenile idiopathic arthritis	Orphanet
1081	B96	Mycoplasma encephalitis	Orphanet
1082	D37	Neuroendocrine neoplasm of appendix	Orphanet
1083	D38	Thymoma	Orphanet
1084	R57	Cardiogenic shock	Orphanet
1085	F02	Caribbean parkinsonism	Orphanet
1086	G20+	Caribbean parkinsonism	Orphanet
1087	U10	Multisystem inflammatory syndrome in children and adults	Orphanet
1088	D60	Transient erythroblastopenia of childhood	Orphanet
1089	T80	Nicolau syndrome	Orphanet
1090	O69	Vasa previa	Orphanet
1091	P50	Vasa previa	Orphanet
1092	A16	Primary pulmonary tuberculosis	Orphanet
1093	L12+	Ocular cicatricial pemphigoid	Orphanet
1094	A97	Dengue fever	Orphanet
1095	Y83	Transplant-related bronchiolitis obliterans	Orphanet
1096	P01	Neonatal compartment syndrome	Orphanet
1097	A17	Central nervous system tuberculosis	Orphanet
1098	G07*	Central nervous system tuberculosis	Orphanet
1099	O31	Twin-reversed arterial perfusion sequence	Orphanet
1100	R69	Rare disorder without a determined diagnosis after full investigation	Orphanet
1101	K67	Disorders of peritoneum in infectious diseases classified elsewhere	Bioportal
1102	M15	Polyarthrosis	Bioportal
1103	D77	Other disorders of blood and blood-forming organs in diseases classified elsewhere	Bioportal
1104	L45	Papulosquamous disorders in diseases classified elsewhere	Bioportal
1105	D29	Benign neoplasm of male genital organs	Bioportal
1106	A88	Other viral infections of central nervous system, not elsewhere classified	Bioportal
1107	M68	Disorders of synovium and tendon in diseases classified elsewhere	Bioportal
1108	M07	Psoriatic and enteropathic arthropathies	Bioportal
1109	H95	Postprocedural disorders of ear and mastoid process, not elsewhere classified	Bioportal
1110	A26	Erysipeloid	Bioportal
1111	G55	Nerve root and plexus compressions in diseases classified elsewhere	Bioportal
1112	G94	Other disorders of brain in diseases classified elsewhere	Bioportal
1113	I32	Pericarditis in diseases classified elsewhere	Bioportal
1114	F62	Enduring personality changes, not attributable to brain damage and disease	Bioportal
1115	H94	Other disorders of ear in diseases classified elsewhere	Bioportal
1116	G09	Sequelae of inflammatory diseases of central nervous system	Bioportal
1117	F38	Other mood [affective] disorders	Bioportal
1118	M66	Spontaneous rupture of synovium and tendon	Bioportal
1119	K66	Other disorders of peritoneum	Bioportal
1120	I98	Other disorders of circulatory system in diseases classified elsewhere	Bioportal
1121	K45	Other abdominal hernia	Bioportal
1122	G01	Meningitis in bacterial diseases classified elsewhere	Bioportal
1123	M90	Osteopathies in diseases classified elsewhere	Bioportal
1124	F28	Other nonorganic psychotic disorders	Bioportal
1125	H17	Corneal scars and opacities	Bioportal
1126	N33	Bladder disorders in diseases classified elsewhere	Bioportal
1127	M01	Direct infections of joint in infectious and parasitic diseases classified elsewhere	Bioportal
1128	G08	Intracranial and intraspinal phlebitis and thrombophlebitis	Bioportal
1129	B23	Human immunodeficiency virus [HIV] disease resulting in other conditions	Bioportal
1130	K38	Other diseases of appendix	Bioportal
1131	E64	Sequelae of malnutrition and other nutritional deficiencies	Bioportal
1132	F07	Personality and behavioural disorders due to brain disease, damage and dysfunction	Bioportal
1133	L02	Cutaneous abscess, furuncle and carbuncle	Bioportal
1134	F04	Organic amnesic syndrome, not induced by alcohol and other psychoactive substances	Bioportal
1135	M84	Disorders of continuity of bone	Bioportal
1136	I39	Endocarditis and heart valve disorders in diseases classified elsewhere	Bioportal
1137	J65	Pneumoconiosis associated with tuberculosis	Bioportal
1138	F66	Psychological and behavioural disorders associated with sexual development and orientation	Bioportal
1139	E42	Marasmic kwashiorkor	Bioportal
1140	B99	Other and unspecified infectious diseases	Bioportal
1141	L54	Erythema in diseases classified elsewhere	Bioportal
1142	I37	Pulmonary valve disorders	Bioportal
1143	C01	Malignant neoplasm of base of tongue	Bioportal
1144	K23	Disorders of oesophagus in diseases classified elsewhere	Bioportal
1145	G59	Mononeuropathy in diseases classified elsewhere	Bioportal
1146	N26	Unspecified contracted kidney	Bioportal
1147	A94	Unspecified arthropod-borne viral fever	Bioportal
1148	H45	Disorders of vitreous body and globe in diseases classified elsewhere	Bioportal
1149	N92	Excessive, frequent and irregular menstruation	Bioportal
1150	A60	Anogenital herpesviral [herpes simplex] infection	Bioportal
1151	H28	Cataract and other disorders of lens in diseases classified elsewhere	Bioportal
1152	K08	Other disorders of teeth and supporting structures	Bioportal
1153	N63	Unspecified lump in breast	Bioportal
1154	G22	Parkinsonism in diseases classified elsewhere	Bioportal
1155	E90	Nutritional and metabolic disorders in diseases classified elsewhere	Bioportal
1156	N29	Other disorders of kidney and ureter in diseases classified elsewhere	Bioportal
1157	A56	Other sexually transmitted chlamydial diseases	Bioportal
1158	K61	Abscess of anal and rectal regions	Bioportal
1159	G02	Meningitis in other infectious and parasitic diseases classified elsewhere	Bioportal
1160	E68	Sequelae of hyperalimentation	Bioportal
1161	K77	Liver disorders in diseases classified elsewhere	Bioportal
1162	G64	Other disorders of peripheral nervous system	Bioportal
1163	I38	Endocarditis, valve unspecified	Bioportal
1164	B94	Sequelae of other and unspecified infectious and parasitic diseases	Bioportal
1165	L58	Radiodermatitis	Bioportal
1166	M82	Osteoporosis in diseases classified elsewhere	Bioportal
1167	M73	Soft tissue disorders in diseases classified elsewhere	Bioportal
1168	L62	Nail disorders in diseases classified elsewhere	Bioportal
1169	C39	Malignant neoplasm of other and ill-defined sites in the respiratory system and intrathoracic organs	Bioportal
1170	K93	Disorders of other digestive organs in diseases classified elsewhere	Bioportal
1171	M36	Systemic disorders of connective tissue in diseases classified elsewhere	Bioportal
1172	H06	Disorders of lacrimal system and orbit in diseases classified elsewhere	Bioportal
1173	G32	Other degenerative disorders of nervous system in diseases classified elsewhere	Bioportal
1174	F61	Mixed and other personality disorders	Bioportal
1175	N22	Calculus of urinary tract in diseases classified elsewhere	Bioportal
1176	I41	Myocarditis in diseases classified elsewhere	Bioportal
1177	L11	Other acantholytic disorders	Bioportal
1178	D63	Anaemia in chronic diseases classified elsewhere	Bioportal
1179	B89	Unspecified parasitic disease	Bioportal
1180	G07	Intracranial and intraspinal abscess and granuloma in diseases classified elsewhere	Bioportal
1181	H36	Retinal disorders in diseases classified elsewhere	Bioportal
1182	M51	Other intervertebral disc disorders	Bioportal
1183	H48	Disorders of optic [2nd] nerve and visual pathways in diseases classified elsewhere	Bioportal
1184	M99	Biomechanical lesions, not elsewhere classified	Bioportal
1185	A09	Diarrhoea and gastroenteritis of presumed infectious origin	Bioportal
1186	E43	Unspecified severe protein-energy malnutrition	Bioportal
1187	G06	Intracranial and intraspinal abscess and granuloma	Bioportal
1188	E45	Retarded development following protein-energy malnutrition	Bioportal
1189	J14	Pneumonia due to Haemophilus influenzae	Bioportal
1190	E44	Protein-energy malnutrition of moderate and mild degree	Bioportal
1191	F83	Mixed specific developmental disorders	Bioportal
1192	N74	Female pelvic inflammatory disorders in diseases classified elsewhere	Bioportal
1193	L84	Corns and callosities	Bioportal
1194	B92	Sequelae of leprosy	Bioportal
1195	H22	Disorders of iris and ciliary body in diseases classified elsewhere	Bioportal
1196	M62	Other disorders of muscle	Bioportal
1197	N37	Urethral disorders in diseases classified elsewhere	Bioportal
1198	F93	Emotional disorders with onset specific to childhood	Bioportal
1199	F68	Other disorders of adult personality and behaviour	Bioportal
1200	H62	Disorders of external ear in diseases classified elsewhere	Bioportal
1201	B97	Viral agents as the cause of diseases classified to other chapters	Bioportal
1202	F18	Mental and behavioural disorders due to use of volatile solvents	Bioportal
1203	M40	Kyphosis and lordosis	Bioportal
1204	J90	Pleural effusion, not elsewhere classified	Bioportal
1205	G26	Extrapyramidal and movement disorders in diseases classified elsewhere	Bioportal
1206	C79	Secondary malignant neoplasm of other sites	Bioportal
1207	D14	Benign neoplasm of middle ear and respiratory system	Bioportal
1208	E58	Dietary calcium deficiency	Bioportal
1209	I62	Other nontraumatic intracranial haemorrhage	Bioportal
1210	J10	Influenza due to identified influenza virus	Bioportal
1211	B09	Unspecified viral infection characterized by skin and mucous membrane lesions	Bioportal
1212	E63	Other nutritional deficiencies	Bioportal
1213	B95	Streptococcus and staphylococcus as the cause of diseases classified to other chapters	Bioportal
1214	N93	Other abnormal uterine and vaginal bleeding	Bioportal
1215	E65	Localized adiposity	Bioportal
1216	I79	Disorders of arteries, arterioles and capillaries in diseases classified elsewhere	Bioportal
1217	J91	Pleural effusion in conditions classified elsewhere	Bioportal
1218	E02	Subclinical iodine-deficiency hypothyroidism	Bioportal
1219	E61	Deficiency of other nutrient elements	Bioportal
1220	M20	Acquired deformities of fingers and toes	Bioportal
1221	M13	Other arthritis	Bioportal
1222	J41	Simple and mucopurulent chronic bronchitis	Bioportal
1223	F69	Unspecified disorder of adult personality and behaviour	Bioportal
1224	N27	Small kidney of unknown cause	Bioportal
1225	M18	Arthrosis of first carpometacarpal joint	Bioportal
1226	L14	Bullous disorders in diseases classified elsewhere	Bioportal
1227	F05	Delirium, not induced by alcohol and other psychoactive substances	Bioportal
1228	H58	Other disorders of eye and adnexa in diseases classified elsewhere	Bioportal
1229	M03	Postinfective and reactive arthropathies in diseases classified elsewhere	Bioportal
1230	N06	Isolated proteinuria with specified morphological lesion	Bioportal
1231	F54	Psychological and behavioural factors associated with disorders or diseases classified elsewhere	Bioportal
1232	N86	Erosion and ectropion of cervix uteri	Bioportal
1233	H42	Glaucoma in diseases classified elsewhere	Bioportal
1234	B90	Sequelae of tuberculosis	Bioportal
1235	I35	Nonrheumatic aortic valve disorders	Bioportal
1236	F55	Abuse of non-dependence-producing substances	Bioportal
1237	M23	Internal derangement of knee	Bioportal
1238	N00	Acute nephritic syndrome	Bioportal
1239	N14	Drug- and heavy-metal-induced tubulo-interstitial and tubular conditions	Bioportal
1240	M96	Postprocedural musculoskeletal disorders, not elsewhere classified	Bioportal
1241	L97	Ulcer of lower limb, not elsewhere classified	Bioportal
1242	I43	Cardiomyopathy in diseases classified elsewhere	Bioportal
1243	H67	Otitis media in diseases classified elsewhere	Bioportal
1244	A41	Other septicaemia	Bioportal
1245	F06	Other mental disorders due to brain damage and dysfunction and to physical disease	Bioportal
1246	N99	Postprocedural disorders of genitourinary system, not elsewhere classified	Bioportal
1247	F92	Mixed disorders of conduct and emotions	Bioportal
1248	B91	Sequelae of poliomyelitis	Bioportal
1249	I23	Certain current complications following acute myocardial infarction	Bioportal
1250	H82	Vertiginous syndromes in diseases classified elsewhere	Bioportal
1251	K01	Embedded and impacted teeth	Bioportal
1252	F94	Disorders of social functioning with onset specific to childhood and adolescence	Bioportal
1253	I08	Multiple valve diseases	Bioportal
1254	H03	Disorders of eyelid in diseases classified elsewhere	Bioportal
1255	L86	Keratoderma in diseases classified elsewhere	Bioportal
1256	N51	Disorders of male genital organs in diseases classified elsewhere	Bioportal
1257	F19	Mental and behavioural disorders due to multiple drug use and use of other psychoactive substances	Bioportal
1258	K71	Toxic liver disease	Bioportal
1259	F15	Mental and behavioural disorders due to use of other stimulants, including caffeine	Bioportal
1260	N82	Fistulae involving female genital tract	Bioportal
1261	I36	Nonrheumatic tricuspid valve disorders	Bioportal
1262	L55	Sunburn	Bioportal
1263	F88	Other disorders of psychological development	Bioportal
1264	M95	Other acquired deformities of musculoskeletal system and connective tissue	Bioportal
1265	E35	Disorders of endocrine glands in diseases classified elsewhere	Bioportal
1266	M63	Disorders of muscle in diseases classified elsewhere	Bioportal
1267	D42	Neoplasm of uncertain or unknown behaviour of meninges	Bioportal
1268	K87	Disorders of gallbladder, biliary tract and pancreas in diseases classified elsewhere	Bioportal
1269	K36	Other appendicitis	Bioportal
1270	M49	Spondylopathies in diseases classified elsewhere	Bioportal
1271	I52	Other heart disorders in diseases classified elsewhere	Bioportal
1272	H75	Other disorders of middle ear and mastoid in diseases classified elsewhere	Bioportal
1273	A08	Viral and other specified intestinal infections	Bioportal
