Community_ID	Members of community
1	['K56-0-9', 'K59-0-9', 'K60-0-9', 'K56-10-19']
2	['A08-0-9', 'A38-10-19', 'H61-10-19', 'J38-10-19']
3	['A38-0-9', 'G47-0-9', 'H04-0-9', 'J35-10-19', 'J36-10-19', 'B07-20-29', 'B34-20-29', 'G51-20-29', 'H53-20-29', 'H72-20-29', 'H74-20-29', 'J15-20-29']
4	['A41-0-9', 'C91-0-9', 'C91-10-19']
5	['B00-0-9', 'B99-0-9', 'J31-0-9', 'J40-0-9', 'K52-0-9', 'B99-10-19', 'J31-10-19', 'K08-10-19']
6	['B27-0-9', 'J03-0-9']
7	['B00-0-9', 'B08-0-9', 'B37-0-9', 'B99-0-9', 'H10-0-9', 'H66-0-9', 'J02-0-9', 'K21-0-9']
8	['N10-0-9', 'N12-0-9', 'N10-10-19']
9	['J20-0-9', 'J98-10-19']
10	['C71-0-9', 'C71-10-19', 'C71-20-29']
11	['D50-0-9', 'J15-0-9', 'J15-10-19']
12	['D64-0-9', 'D69-0-9', 'D70-0-9']
13	['D68-0-9', 'H61-0-9', 'H74-0-9', 'J34-0-9', 'J35-0-9', 'J39-0-9', 'H72-10-19']
14	['E10-0-9', 'E16-0-9', 'E87-0-9']
15	['E66-0-9', 'G47-0-9', 'H90-10-19', 'F81-20-29', 'H66-20-29', 'H90-20-29', 'J00-20-29', 'N83-20-29']
16	['F41-0-9', 'K02-0-9', 'K04-0-9', 'K08-0-9', 'K10-0-9', 'K12-0-9', 'L03-0-9']
17	['F80-0-9', 'F82-0-9', 'F80-10-19', 'F82-10-19']
18	['F84-0-9', 'G40-0-9', 'G41-0-9', 'G81-0-9', 'G91-0-9', 'F84-10-19', 'G41-10-19', 'G81-10-19', 'F84-20-29', 'G81-20-29']
19	[]
20	['F98-0-9', 'J11-0-9', 'J38-0-9', 'L50-0-9', 'J11-10-19', 'J38-10-19']
21	['G80-0-9', 'G82-0-9', 'M62-0-9', 'G80-10-19', 'G82-10-19', 'M62-10-19', 'M62-20-29']
22	['G81-0-9', 'G81-10-19', 'G81-20-29']
23	['H50-0-9', 'H52-0-9', 'H53-0-9', 'H50-10-19', 'H52-10-19', 'H50-20-29']
24	['H66-0-9']
25	['H73-0-9', 'J00-0-9', 'J04-0-9', 'J12-0-9', 'J38-0-9', 'L50-0-9']
26	['H90-0-9', 'H91-0-9', 'H90-10-19', 'H90-20-29']
27	['J31-0-9', 'K52-0-9', 'J31-10-19', 'K08-10-19']
28	['J30-0-9', 'J45-0-9', 'J46-0-9']
29	['J31-0-9', 'J40-0-9', 'B99-10-19', 'K08-10-19']
30	['K90-0-9', 'K90-10-19', 'K90-20-29']
31	['L20-0-9', 'L20-10-19', 'L20-20-29', 'L20-30-39', 'L20-40-49', 'L20-50-59']
32	['N11-0-9', 'N30-0-9', 'N35-0-9', 'N39-0-9', 'N76-0-9']
33	['N13-0-9', 'N28-0-9']
34	['A02-10-19', 'A16-10-19', 'A38-10-19', 'A68-10-19', 'A69-10-19', 'B07-10-19', 'B35-10-19', 'C74-10-19', 'D10-10-19', 'D57-10-19', 'D59-10-19', 'D61-10-19', 'D70-10-19', 'D80-10-19', 'E30-10-19', 'F95-10-19', 'G03-10-19', 'G04-10-19', 'G47-10-19', 'G71-10-19', 'H04-10-19', 'H05-10-19', 'H10-10-19', 'H35-10-19', 'H49-10-19', 'H51-10-19', 'H60-10-19', 'H69-10-19', 'H73-10-19', 'I78-10-19', 'J02-10-19', 'J12-10-19', 'J13-10-19', 'J39-10-19', 'J40-10-19', 'J42-10-19', 'J46-10-19', 'K00-10-19', 'K10-10-19', 'K12-10-19', 'K13-10-19', 'K14-10-19', 'K40-10-19', 'K42-10-19', 'K43-10-19', 'L03-10-19', 'L95-10-19', 'M02-10-19', 'M12-10-19', 'M13-10-19', 'M60-10-19', 'N04-10-19', 'N11-10-19', 'N32-10-19', 'N35-10-19']
35	['B00-10-19', 'J31-20-29', 'J35-20-29', 'K07-30-39', 'K07-40-49']
36	['B27-10-19', 'J03-10-19', 'J36-10-19']
37	['N73-10-19', 'N83-10-19']
38	['D69-10-19', 'D69-20-29', 'D69-30-39']
39	['E10-0-9', 'E16-0-9', 'E06-10-19', 'E10-10-19', 'E14-10-19', 'E16-10-19', 'E06-20-29', 'E16-20-29']
40	['E66-10-19', 'E78-10-19', 'F17-10-19', 'I10-10-19', 'K76-10-19', 'K80-10-19', 'K76-20-29']
41	['E73-10-19', 'E74-10-19', 'E73-20-29', 'E74-20-29']
42	['E84-10-19', 'E84-20-29', 'K86-20-29', 'E84-30-39']
43	['E87-10-19', 'F10-10-19', 'F12-10-19']
44	['F11-10-19', 'F13-10-19', 'F19-10-19']
45	['F43-10-19', 'F70-10-19', 'F81-10-19', 'F90-10-19', 'F90-20-29']
46	['F32-10-19', 'F33-10-19', 'F41-10-19', 'F44-10-19', 'F45-10-19', 'L98-10-19']
47	['F41-10-19', 'F45-10-19', 'F41-20-29']
48	['F60-10-19', 'F91-10-19']
49	['J96-0-9', 'G40-10-19', 'G41-10-19', 'J96-10-19', 'G41-20-29', 'J96-20-29']
50	['H83-10-19', 'H91-10-19', 'H93-10-19']
51	['I10-10-19', 'I10-20-29', 'N18-20-29']
52	['J20-10-19', 'J00-20-29', 'J20-20-29']
53	['J30-0-9', 'J45-0-9', 'J46-0-9', 'L20-0-9', 'J30-10-19', 'J45-10-19', 'L20-10-19']
54	['J32-10-19', 'J34-10-19', 'M95-10-19']
55	['K02-10-19', 'K04-10-19']
56	['K21-10-19', 'K29-10-19', 'K44-10-19', 'K92-10-19']
57	['D50-10-19', 'K50-10-19', 'K52-10-19', 'N92-10-19']
58	['M21-10-19', 'M21-20-29', 'M21-30-39']
59	['M25-10-19', 'M65-10-19', 'M67-10-19']
60	['M41-10-19', 'M51-10-19', 'M54-10-19']
61	['N12-10-19', 'N30-10-19', 'N39-10-19', 'N73-10-19', 'N76-10-19']
62	['N10-10-19', 'N13-10-19', 'N20-10-19']
63	['A08-10-19', 'A08-20-29']
64	['A63-20-29', 'D06-20-29', 'N87-20-29']
65	['B18-20-29', 'F10-20-29', 'F11-20-29', 'F12-20-29', 'F13-20-29', 'F14-20-29', 'F19-20-29']
66	['C73-20-29', 'E04-20-29', 'E05-20-29']
67	['D24-20-29', 'D48-20-29', 'N60-20-29']
68	['D25-20-29', 'N84-20-29', 'N85-20-29', 'N92-20-29']
69	['K66-20-29', 'N73-20-29', 'N80-20-29', 'N94-20-29']
70	['K66-20-29', 'N73-20-29', 'N80-20-29', 'N83-20-29', 'N94-20-29']
71	['E03-0-9', 'E03-10-19', 'D50-20-29', 'D64-20-29', 'E03-20-29', 'E03-30-39', 'E06-30-39', 'E06-40-49']
72	['D68-20-29', 'D68-30-39', 'D68-40-49']
73	['E03-0-9', 'E03-10-19', 'E03-20-29', 'E03-30-39', 'E06-30-39', 'E06-40-49']
74	['E06-10-19', 'E10-10-19', 'E14-10-19', 'E16-10-19', 'E06-20-29', 'E10-20-29', 'E14-20-29', 'E16-20-29']
75	['E11-20-29', 'E66-20-29', 'G47-20-29', 'M51-20-29', 'E65-30-39']
76	['F20-20-29', 'F25-20-29']
77	['F31-20-29', 'F31-30-39', 'F31-40-49']
78	['F32-20-29', 'F42-20-29', 'I95-20-29', 'I95-30-39', 'I95-40-49']
79	[]
80	['F70-30-39', 'F70-40-49', 'F70-50-59']
81	['F44-20-29', 'G40-20-29', 'F44-30-39', 'G40-30-39', 'F44-40-49', 'J15-40-49', 'F44-50-59']
82	['F44-10-19', 'F45-10-19', 'F45-20-29', 'F45-30-39', 'F45-40-49']
83	['F50-20-29', 'M81-20-29', 'M81-30-39', 'N91-30-39', 'M81-40-49']
84	['G43-10-19', 'G44-10-19', 'G43-20-29', 'G44-20-29']
85	['G82-20-29', 'G82-30-39', 'G82-40-49', 'G82-50-59']
86	['I26-20-29', 'I80-20-29', 'I82-20-29']
87	['I95-20-29', 'I95-30-39', 'I95-40-49', 'I95-50-59']
88	['J01-20-29', 'J32-20-29', 'J33-20-29']
89	['G35-20-29', 'H46-20-29', 'F32-30-39', 'F34-30-39', 'F48-30-39', 'G35-30-39']
90	['L20-30-39', 'L20-40-49', 'L20-50-59']
91	['K02-20-29', 'K04-20-29', 'K02-30-39']
92	['K21-10-19', 'K44-10-19', 'K25-20-29', 'K29-20-29', 'K31-20-29', 'K58-20-29', 'K63-20-29']
93	['K66-20-29', 'N73-20-29', 'N76-20-29', 'N80-20-29', 'N94-20-29']
94	['K51-20-29', 'K51-30-39', 'K51-40-49', 'K51-50-59', 'K51-60-69', 'K51-70-79']
95	['B37-10-19', 'K59-20-29', 'K59-30-39', 'K59-40-49']
96	['I84-20-29', 'K60-20-29', 'K62-20-29']
97	['K80-20-29', 'K81-20-29', 'K82-20-29', 'K83-20-29', 'K85-20-29']
98	['L93-20-29', 'M32-20-29', 'M32-30-39']
99	['M24-20-29', 'M65-20-29', 'M94-20-29']
100	['M51-20-29', 'M43-30-39', 'M48-30-39', 'M51-30-39']
101	['N10-20-29', 'N13-20-29', 'N20-20-29']
102	['C53-30-39', 'D06-30-39', 'N87-30-39']
103	['B18-20-29', 'F10-20-29', 'F11-20-29', 'F12-20-29', 'F13-20-29', 'F14-20-29', 'F19-20-29', 'B18-30-39', 'F11-30-39', 'F12-30-39', 'F13-30-39', 'F19-30-39', 'F12-40-49']
104	['B24-30-39', 'B24-40-49', 'B24-50-59']
105	['D18-30-39', 'K25-30-39', 'K26-30-39', 'K29-30-39', 'K31-30-39', 'K57-30-39', 'K58-30-39']
106	['C50-30-39', 'C78-30-39', 'C79-30-39', 'D05-30-39']
107	['C71-0-9', 'C71-10-19', 'C71-20-29', 'C71-30-39', 'D43-30-39']
108	['C73-30-39', 'E04-30-39', 'E05-30-39']
109	['C78-30-39', 'C79-30-39']
110	['D21-30-39', 'D25-30-39', 'N84-30-39', 'N85-30-39', 'N88-30-39', 'N92-30-39']
111	['D23-30-39', 'I83-30-39']
112	['D24-30-39', 'D48-30-39', 'N60-30-39']
113	['D35-30-39', 'D35-40-49', 'D35-50-59']
114	['N80-30-39', 'N84-30-39', 'N85-30-39', 'N88-30-39']
115	['D50-20-29', 'D64-20-29', 'E03-20-29', 'K51-20-29', 'D50-30-39', 'D64-30-39', 'E03-30-39', 'E06-30-39', 'K51-30-39']
116	['D86-30-39', 'D86-40-49', 'D86-50-59']
117	['E10-20-29', 'E14-20-29', 'E10-30-39', 'E11-30-39', 'E14-30-39']
118	['E73-30-39', 'E74-30-39', 'E73-40-49', 'E74-40-49']
119	['E78-30-39', 'E79-30-39', 'I21-30-39', 'I25-30-39', 'I63-30-39']
120	['F31-20-29', 'F10-30-39', 'F31-30-39', 'K70-30-39']
121	['F14-30-39', 'F11-40-49', 'F11-50-59']
122	['F17-30-39', 'J20-30-39', 'J44-30-39', 'J43-40-49', 'J44-40-49', 'J96-40-49']
123	['F33-30-39', 'F40-30-39', 'F42-30-39', 'F42-40-49', 'F42-50-59']
124	['F42-30-39', 'F42-40-49', 'F42-50-59']
125	['E87-20-29', 'E87-30-39', 'F50-30-39', 'E87-40-49']
126	['G40-40-49', 'G93-40-49', 'G41-50-59', 'G93-50-59']
127	['G43-10-19', 'G44-10-19', 'G43-20-29', 'G44-20-29', 'G43-30-39', 'G44-30-39', 'G43-40-49', 'G44-40-49', 'G45-40-49', 'H81-40-49']
128	['E66-30-39', 'G47-30-39', 'K42-30-39', 'K43-30-39', 'E65-40-49']
129	['M62-30-39']
130	['H33-30-39', 'H50-30-39', 'H52-30-39']
131	['H90-30-39', 'H93-30-39', 'H93-40-49']
132	['I10-30-39', 'I11-30-39', 'I20-30-39', 'I47-30-39', 'I63-30-39']
133	['I47-30-39', 'I47-40-49', 'I49-40-49', 'I47-50-59', 'I49-50-59']
134	['I73-30-39', 'I70-40-49', 'I73-40-49', 'M34-40-49', 'M34-50-59']
135	['I84-30-39', 'K60-30-39', 'K62-30-39']
136	['J01-30-39', 'J32-30-39', 'J33-30-39', 'J01-40-49', 'J32-40-49', 'J33-40-49']
137	['J03-30-39', 'J35-30-39', 'J36-30-39']
138	['J18-30-39', 'J96-30-39']
139	['J44-30-39', 'J45-30-39', 'J43-40-49', 'J44-40-49', 'J45-40-49', 'J96-40-49']
140	['J44-30-39', 'J43-40-49', 'J44-40-49', 'J96-40-49']
141	['K07-30-39', 'K07-40-49']
142	['K21-30-39', 'K22-30-39', 'K44-30-39', 'K21-40-49', 'K22-40-49', 'K44-40-49']
143	['K66-30-39', 'N76-30-39']
144	['N84-40-49', 'N85-40-49', 'N88-40-49', 'N95-40-49']
145	['K44-30-39', 'K44-40-49']
146	['K50-30-39', 'K56-30-39', 'K63-30-39', 'K56-40-49', 'K63-40-49', 'K65-40-49']
147	['K76-30-39', 'K76-40-49', 'N28-40-49', 'B37-50-59']
148	['K80-30-39', 'K81-30-39', 'K82-30-39', 'K83-30-39']
149	['K85-40-49', 'K86-40-49', 'K85-50-59', 'K86-50-59']
150	['L40-30-39', 'L40-40-49', 'L40-50-59']
151	['L93-30-39', 'L93-40-49', 'L93-50-59', 'L93-60-69', 'M32-60-69', 'L93-70-79', 'M32-70-79']
152	['M06-30-39', 'M05-40-49', 'M06-40-49', 'M13-50-59']
153	['M17-30-39', 'M24-30-39', 'M65-30-39', 'M67-30-39', 'M94-30-39']
154	['M19-30-39', 'M65-30-39', 'M75-30-39', 'M65-40-49', 'M65-50-59', 'M72-50-59']
155	['N10-20-29', 'N13-20-29', 'N20-20-29', 'N10-30-39', 'N13-30-39', 'N20-30-39', 'N10-40-49']
156	['E21-30-39', 'N18-30-39', 'N19-30-39', 'E21-40-49', 'I15-40-49', 'N18-40-49', 'N19-40-49', 'I15-50-59', 'N17-50-59', 'N19-50-59']
157	['N80-30-39', 'N84-30-39', 'N85-30-39', 'N88-30-39', 'N92-30-39']
158	['B35-50-59']
159	['B16-40-49', 'B18-50-59', 'B18-60-69', 'K73-60-69', 'B18-70-79']
160	['G83-50-59', 'H10-50-59', 'M54-60-69', 'M76-60-69', 'J04-70-79', 'J31-70-79', 'M76-70-79']
161	['C18-40-49', 'C18-50-59', 'C19-50-59']
162	['C43-40-49', 'C43-50-59', 'C43-60-69', 'C43-70-79']
163	['C48-40-49', 'C56-40-49']
164	['C50-40-49', 'D05-40-49', 'D17-40-49', 'D24-40-49', 'D48-40-49', 'N60-40-49']
165	['C73-40-49', 'C73-50-59']
166	['C82-40-49', 'C83-40-49', 'C85-40-49']
167	['C53-30-39', 'D06-30-39', 'C53-40-49', 'C54-40-49', 'C55-40-49', 'D06-40-49', 'N87-40-49']
168	['D12-40-49', 'I84-40-49', 'K64-50-59']
169	['D17-40-49', 'D24-40-49', 'D48-40-49', 'N60-40-49']
170	['D21-40-49', 'D25-40-49', 'D62-40-49', 'K36-40-49']
171	['C43-40-49', 'D22-40-49', 'C43-50-59', 'D22-50-59']
172	['I83-40-49', 'I83-50-59']
173	['D26-40-49', 'N84-40-49', 'N85-40-49', 'N88-40-49', 'N92-40-49', 'N95-40-49']
174	['D34-40-49', 'E04-40-49', 'E55-40-49', 'E83-40-49', 'J38-40-49']
175	['K51-20-29', 'K51-30-39', 'D50-40-49', 'E61-40-49', 'K51-40-49', 'E61-50-59', 'K51-50-59', 'K51-60-69', 'K51-70-79']
176	['D53-40-49', 'F10-40-49', 'G62-40-49', 'I85-40-49', 'K74-40-49', 'D53-50-59', 'F12-50-59', 'G62-50-59']
177	['D69-10-19', 'D69-20-29', 'D69-30-39', 'D69-40-49', 'D70-40-49']
178	['H25-40-49', 'H26-40-49', 'H33-40-49', 'H35-40-49', 'H33-50-59']
179	['E13-40-49', 'E11-50-59', 'E13-50-59', 'G63-50-59', 'L03-50-59', 'G63-60-69', 'M86-60-69', 'N08-60-69']
180	['E65-40-49', 'L90-40-49', 'N62-40-49']
181	['E66-40-49', 'I89-40-49', 'K42-40-49', 'K43-40-49', 'M16-40-49', 'E65-50-59', 'K42-50-59', 'K43-50-59']
182	['E73-40-49', 'E74-40-49', 'E73-50-59', 'E74-50-59']
183	['M42-40-49', 'M43-40-49', 'M48-40-49']
184	['F48-40-49', 'G25-40-49', 'G47-40-49', 'F48-50-59', 'G25-50-59', 'G47-50-59']
185	['F17-40-49', 'G45-40-49', 'J38-40-49', 'J40-40-49', 'J43-40-49', 'J98-40-49']
186	['F20-20-29', 'F25-20-29', 'F20-30-39', 'F25-30-39', 'F20-40-49', 'F25-40-49']
187	['F20-50-59', 'F25-50-59', 'F20-60-69', 'F25-60-69', 'F20-70-79', 'F25-70-79']
188	['F79-50-59', 'F79-60-69', 'F79-70-79']
189	['B00-40-49', 'G35-40-49', 'B00-50-59', 'G35-50-59']
190	['G25-40-49', 'G47-40-49', 'G25-50-59', 'G47-50-59']
191	['M51-20-29', 'M43-30-39', 'M48-30-39', 'M51-30-39', 'G57-40-49', 'M51-40-49', 'M96-40-49']
192	['M42-40-49', 'M43-40-49', 'M48-40-49']
193	['M51-20-29', 'M43-30-39', 'M48-30-39', 'M51-30-39', 'G54-40-49', 'G57-40-49', 'M40-40-49', 'M51-40-49', 'M54-40-49', 'M96-40-49', 'G54-50-59', 'M96-50-59', 'M96-60-69']
194	['M40-50-59', 'M54-50-59', 'M76-50-59', 'M80-50-59', 'M93-50-59', 'D16-60-69', 'D36-60-69', 'G83-60-69', 'K04-60-69', 'M40-60-69']
195	['G70-40-49', 'G70-50-59', 'G70-60-69']
196	['G80-40-49', 'G80-50-59', 'G80-60-69']
197	['G91-40-49', 'I60-40-49', 'I61-40-49']
198	['H02-40-49', 'H52-40-49', 'H53-40-49']
199	['H80-40-49', 'H90-40-49', 'H80-50-59']
200	['H81-40-49', 'H91-40-49', 'H93-40-49', 'H81-50-59', 'H90-50-59', 'H91-50-59', 'H93-50-59', 'H81-60-69', 'H90-60-69', 'H91-60-69', 'H93-60-69', 'H91-70-79', 'H93-70-79']
201	['M35-30-39', 'I10-40-49', 'I11-40-49', 'I15-40-49', 'I27-40-49', 'I35-40-49', 'I44-40-49', 'I51-40-49', 'I74-40-49', 'I77-40-49', 'J15-40-49', 'L30-40-49', 'M13-40-49', 'M35-40-49']
202	['I21-40-49', 'I25-40-49', 'I42-40-49', 'I50-40-49', 'I20-50-59', 'I21-50-59']
203	['I20-40-49', 'I21-40-49', 'I25-40-49', 'I42-40-49', 'I50-40-49', 'I20-50-59', 'I21-50-59', 'I25-50-59', 'I42-50-59', 'I44-50-59', 'I50-50-59', 'I51-50-59']
204	['I25-40-49', 'I42-40-49', 'I50-40-49', 'I42-50-59', 'I44-50-59', 'I50-50-59', 'I51-50-59', 'I42-60-69', 'I44-60-69', 'I44-70-79']
205	['I26-40-49', 'I80-40-49', 'I82-40-49']
206	['I42-40-49', 'I50-40-49', 'I42-50-59', 'I44-50-59', 'I44-60-69', 'I44-70-79']
207	['I45-40-49', 'I45-50-59', 'I45-60-69', 'I45-70-79']
208	['E78-40-49', 'E79-40-49', 'G45-40-49', 'I20-40-49', 'I21-40-49', 'I44-40-49', 'I51-40-49', 'M41-40-49', 'E79-50-59', 'M41-50-59']
209	['I63-40-49', 'I64-40-49', 'I65-40-49', 'G46-50-59', 'I63-50-59', 'I64-50-59', 'I65-50-59']
210	['I67-40-49', 'I72-40-49', 'I67-50-59']
211	['G91-50-59', 'I60-50-59', 'I61-50-59', 'G91-60-69', 'I60-60-69']
212	['I85-40-49', 'K74-40-49', 'I85-50-59', 'K74-50-59']
213	['A41-40-49', 'J18-40-49', 'J96-40-49', 'N17-40-49']
214	['J34-40-49', 'J35-40-49', 'M95-40-49']
215	['K51-40-49', 'K51-50-59', 'K51-60-69', 'K51-70-79']
216	['K31-40-49', 'K31-50-59', 'K31-60-69']
217	['F60-50-59', 'F60-60-69', 'F60-70-79']
218	['K42-40-49', 'K43-40-49', 'K42-50-59', 'K43-50-59']
219	['D21-30-39', 'D25-30-39', 'K66-30-39', 'N73-30-39', 'N80-30-39', 'N83-30-39', 'N84-30-39', 'N85-30-39', 'N88-30-39', 'N92-30-39', 'N94-30-39', 'K66-40-49', 'N73-40-49']
220	['K58-40-49', 'K58-50-59', 'K58-60-69', 'K58-70-79']
221	['K60-40-49', 'K60-50-59']
222	['K80-40-49', 'K81-40-49', 'K82-40-49', 'K83-40-49']
223	['K83-40-49', 'C25-50-59', 'K83-50-59', 'K83-60-69', 'K83-70-79']
224	[]
225	['D21-50-59', 'D25-50-59', 'D62-50-59', 'N73-50-59', 'N83-50-59', 'A69-60-69', 'D21-60-69', 'K35-60-69', 'N35-60-69', 'N73-60-69', 'N83-60-69']
226	['C79-60-69', 'D61-60-69', 'D70-60-69', 'M84-60-69']
227	['M16-40-49', 'M16-50-59', 'M87-50-59']
228	['M17-40-49', 'M21-40-49', 'M71-40-49', 'M93-40-49', 'M94-40-49', 'M94-50-59']
229	['M20-30-39', 'M77-30-39', 'M20-40-49', 'M21-40-49', 'G57-50-59', 'M20-50-59']
230	['M71-40-49', 'M93-40-49', 'M94-40-49', 'M71-50-59', 'M93-50-59', 'M94-50-59']
231	['M71-40-49', 'M93-40-49']
232	['M65-30-39', 'M24-40-49', 'M65-40-49', 'M67-40-49', 'M24-50-59', 'M65-50-59', 'M67-50-59', 'M72-50-59']
233	['M34-40-49', 'M34-50-59', 'M34-60-69', 'M34-70-79']
234	['M45-40-49', 'M45-50-59', 'M45-60-69']
235	['G54-40-49', 'M41-40-49', 'M42-40-49', 'M43-40-49', 'M47-40-49', 'M48-40-49', 'M62-40-49', 'E55-50-59', 'M41-50-59', 'M42-50-59', 'M43-50-59', 'M47-50-59', 'M48-50-59', 'M62-50-59']
236	['N04-40-49', 'A69-50-59', 'B99-50-59', 'E07-50-59', 'I10-50-59', 'I31-50-59', 'I46-50-59', 'I71-50-59', 'J03-50-59', 'J30-50-59', 'J41-50-59', 'J42-50-59', 'J81-50-59', 'J84-50-59', 'K55-50-59', 'K75-50-59', 'L50-50-59', 'L98-50-59', 'M86-50-59', 'N30-50-59', 'E26-60-69', 'N03-60-69']
237	['N35-40-49', 'N39-40-49', 'N76-40-49', 'N81-40-49', 'N10-50-59', 'N30-50-59']
238	['N13-40-49', 'N20-40-49', 'N13-50-59', 'N20-50-59']
239	['E21-30-39', 'E21-40-49', 'N18-40-49', 'N19-40-49', 'E21-50-59', 'N17-50-59', 'N19-50-59']
240	['K66-30-39', 'N73-30-39', 'N76-30-39', 'K66-40-49', 'N73-40-49']
241	['N83-40-49', 'N76-50-59']
242	['N97-40-49', 'D13-50-59', 'K80-50-59', 'K81-50-59', 'K82-50-59', 'N97-50-59']
243	['A04-50-59', 'K80-60-69', 'K81-60-69', 'K82-60-69', 'D72-70-79']
244	['A08-50-59', 'J31-50-59', 'M46-50-59', 'A49-60-69', 'K29-60-69', 'K55-60-69', 'D22-70-79', 'K20-70-79', 'L28-70-79', 'N60-70-79']
245	['B02-50-59', 'D13-50-59', 'E78-50-59', 'E83-50-59', 'G51-50-59', 'I07-50-59', 'I15-50-59', 'I71-50-59', 'I72-50-59', 'I72-60-69']
246	['B18-60-69', 'B18-70-79']
247	['C16-50-59', 'C16-60-69', 'C16-70-79']
248	['C18-40-49', 'C18-50-59', 'C19-50-59', 'C20-50-59']
249	['C22-50-59', 'C38-50-59', 'C49-50-59', 'C78-50-59', 'D61-50-59']
250	['C34-40-49', 'C34-50-59', 'J82-50-59']
251	['C48-40-49', 'C56-40-49', 'C48-50-59', 'C56-50-59', 'C57-50-59']
252	['C50-50-59', 'D05-50-59', 'D24-50-59', 'N60-50-59', 'N62-50-59', 'N64-50-59', 'N60-60-69']
253	['C53-70-79', 'C54-70-79', 'C55-70-79']
254	['C53-50-59', 'C54-50-59', 'C55-50-59', 'C53-60-69', 'C54-60-69', 'C55-60-69', 'C53-70-79']
255	['C67-50-59', 'C67-60-69', 'C67-70-79', 'C68-70-79']
256	['C71-40-49', 'D43-40-49', 'C71-50-59', 'D43-50-59']
257	['C82-50-59', 'C82-60-69', 'C82-70-79']
258	['C83-50-59', 'C85-50-59', 'C85-60-69']
259	['C90-50-59', 'C90-60-69', 'C90-70-79']
260	['C91-50-59', 'C91-60-69', 'C91-70-79']
261	['C92-50-59', 'C92-60-69', 'C92-70-79']
262	['D13-50-59', 'K80-50-59', 'K81-50-59', 'K82-50-59']
263	['D17-50-59', 'D17-60-69', 'D17-70-79']
264	['D32-50-59', 'D32-60-69', 'D32-70-79']
265	['M47-40-49', 'D34-50-59', 'E04-50-59', 'E21-50-59', 'E55-50-59', 'E83-50-59', 'J38-50-59', 'E07-60-69']
266	['D47-50-59', 'D47-60-69', 'D47-70-79']
267	['D17-50-59', 'D48-50-59', 'D17-60-69', 'D48-60-69', 'D17-70-79']
268	['D50-50-59', 'D62-60-69', 'E61-60-69']
269	['A04-70-79', 'A41-70-79', 'B35-70-79', 'K65-70-79']
270	['C50-60-69', 'D05-60-69', 'D24-60-69', 'N64-60-69']
271	['D68-50-59', 'D68-60-69', 'D68-70-79']
272	['D75-50-59', 'J37-50-59', 'J44-60-69', 'J93-60-69', 'J93-70-79']
273	['E03-50-59', 'E10-50-59', 'E13-60-69', 'E16-60-69', 'E13-70-79']
274	['E16-50-59', 'E10-60-69', 'E10-70-79', 'E13-70-79', 'E16-70-79', 'G63-70-79']
275	['I99-50-59', 'A04-60-69', 'E78-60-69', 'E83-60-69', 'G46-60-69', 'G51-60-69', 'M10-60-69', 'M85-60-69', 'E83-70-79', 'F50-70-79', 'N04-70-79', 'N05-70-79', 'N62-70-79', 'N87-70-79']
276	['M16-40-49', 'I89-50-59', 'M16-50-59', 'M87-50-59', 'I89-60-69', 'I89-70-79']
277	['F06-50-59', 'F06-60-69']
278	['F10-50-59', 'F19-50-59', 'D52-60-69', 'F19-60-69', 'G93-60-69', 'I46-60-69', 'K26-60-69', 'M80-60-69', 'G93-70-79', 'K26-70-79', 'M80-70-79']
279	['F06-40-49', 'F48-40-49', 'F32-50-59', 'F40-50-59', 'F44-50-59', 'F48-50-59', 'D16-60-69', 'F11-60-69', 'F22-60-69', 'F44-60-69', 'F51-60-69', 'J00-60-69', 'J37-60-69', 'L28-60-69', 'N89-60-69']
280	['F33-50-59', 'F50-50-59', 'F50-60-69']
281	['G43-30-39', 'G44-30-39', 'G43-40-49', 'G44-40-49', 'G45-40-49', 'H81-40-49', 'G43-50-59', 'G44-50-59', 'H81-50-59']
282	['G35-60-69', 'G35-70-79']
283	['G20-50-59', 'G20-60-69', 'G21-70-79']
284	['G93-40-49', 'G40-50-59', 'G93-50-59', 'G41-60-69']
285	['G45-50-59', 'G45-60-69', 'G45-70-79']
286	['G50-50-59', 'G50-60-69', 'G50-70-79']
287	['G56-30-39', 'G56-40-49', 'G56-50-59', 'M72-50-59']
288	['G81-50-59', 'G81-60-69', 'G81-70-79']
289	['G91-50-59', 'I60-50-59', 'I61-50-59', 'G91-60-69', 'I60-60-69']
290	['H25-40-49', 'H26-40-49', 'H33-40-49', 'H35-40-49', 'H25-50-59', 'H26-50-59', 'H33-50-59']
291	['H02-40-49', 'H52-40-49', 'H53-40-49', 'H02-50-59', 'H52-50-59', 'H53-50-59']
292	['H90-50-59', 'H91-50-59', 'H93-50-59', 'H81-60-69', 'H90-60-69', 'H91-60-69', 'H93-60-69', 'H91-70-79', 'H93-70-79']
293	['I05-50-59', 'I05-60-69', 'I05-70-79']
294	['I07-40-49', 'I34-40-49', 'I07-50-59', 'I34-50-59', 'I35-50-59', 'I36-50-59']
295	['I11-50-59', 'I11-60-69', 'I11-70-79']
296	['I12-50-59', 'N18-60-69', 'N25-60-69', 'N18-70-79', 'N25-70-79']
297	['I26-40-49', 'I80-40-49', 'I82-40-49', 'I26-50-59', 'I80-50-59']
298	['I35-50-59', 'I35-60-69', 'I71-60-69', 'I35-70-79', 'I71-70-79']
299	['I44-50-59', 'I44-60-69', 'I44-70-79']
300	['I70-50-59', 'I77-50-59', 'I77-60-69']
301	['I82-50-59', 'I82-60-69', 'I82-70-79']
302	['I89-50-59', 'I89-60-69', 'I89-70-79']
303	['J01-50-59', 'J32-50-59', 'J33-50-59', 'J01-60-69', 'J32-60-69', 'J33-60-69', 'J34-60-69']
304	['J98-50-59', 'J98-60-69', 'J98-70-79']
305	['K22-50-59', 'K22-60-69', 'K22-70-79']
306	['J38-50-59', 'J38-60-69', 'J38-70-79']
307	['J43-50-59', 'J96-50-59', 'J43-60-69', 'J96-60-69', 'J15-70-79', 'J43-70-79', 'J96-70-79']
308	['J84-50-59', 'J84-60-69', 'J84-70-79']
309	['K21-50-59', 'K22-50-59', 'K26-50-59', 'K22-60-69', 'K22-70-79']
310	['K42-60-69', 'K43-60-69', 'K66-60-69', 'K42-70-79', 'K43-70-79', 'K66-70-79']
311	['C48-50-59', 'K56-50-59', 'K65-50-59', 'K66-50-59']
312	['K59-30-39', 'E65-40-49', 'K59-40-49', 'L90-40-49', 'N62-40-49', 'K59-50-59', 'L90-50-59']
313	['K63-50-59', 'K65-50-59', 'D13-60-69']
314	['K90-50-59', 'K90-60-69', 'K90-70-79']
315	['M16-40-49', 'E66-50-59', 'I89-50-59', 'L30-50-59', 'M16-50-59', 'M87-50-59', 'E65-60-69', 'I89-60-69', 'K45-60-69', 'N62-60-69', 'I89-70-79']
316	['K59-60-69', 'L90-60-69', 'L90-70-79']
317	['L93-50-59', 'L93-60-69', 'M32-60-69', 'L93-70-79', 'M32-70-79']
318	['L97-50-59', 'L97-60-69', 'L97-70-79', 'L98-70-79']
319	['M17-40-49', 'M21-40-49', 'M71-40-49', 'M93-40-49', 'M94-40-49', 'M17-50-59', 'M71-50-59', 'M93-50-59', 'M94-50-59']
320	['M31-50-59', 'M31-60-69', 'M31-70-79']
321	['M32-50-59', 'M32-60-69', 'M32-70-79']
322	['M35-30-39', 'M35-40-49', 'M35-50-59', 'M35-60-69', 'M35-70-79']
323	['M81-30-39', 'M81-40-49', 'M81-50-59', 'M85-60-69']
324	['N00-50-59', 'D46-60-69', 'E53-60-69', 'F05-60-69', 'G31-60-69', 'H49-60-69', 'I10-60-69', 'I12-60-69', 'I13-60-69', 'I62-60-69', 'I99-60-69', 'J02-60-69', 'J04-60-69', 'J30-60-69', 'J41-60-69', 'J42-60-69', 'J69-60-69', 'K20-60-69', 'K73-60-69', 'K75-60-69', 'L29-60-69', 'M10-60-69', 'M40-60-69', 'M46-60-69', 'N10-60-69', 'D26-70-79', 'E24-70-79', 'L73-70-79']
325	['E10-40-49', 'E13-40-49', 'E14-40-49', 'E10-50-59', 'E11-50-59', 'E13-50-59', 'E14-50-59', 'G63-50-59', 'L03-50-59', 'N08-50-59', 'A04-60-69', 'E11-60-69', 'E13-60-69', 'E16-60-69', 'F01-60-69', 'G51-60-69', 'G63-60-69', 'I79-60-69', 'L03-60-69', 'L89-60-69', 'L98-60-69', 'M86-60-69', 'N08-60-69']
326	['N28-50-59', 'N28-60-69', 'N28-70-79']
327	['N35-50-59', 'N39-50-59', 'N76-50-59', 'G83-60-69', 'N30-60-69']
328	['N73-50-59', 'N73-60-69', 'N83-60-69']
329	['N80-50-59', 'N81-50-59', 'N84-50-59', 'N85-50-59', 'N88-50-59', 'N95-50-59', 'N80-60-69']
330	['N81-50-59', 'N81-60-69']
331	['N73-50-59', 'N83-50-59', 'N73-60-69', 'N83-60-69']
332	['N84-50-59', 'N88-50-59', 'N95-50-59']
333	['C53-50-59', 'C54-50-59', 'C55-50-59', 'N95-50-59']
334	['N39-60-69', 'D72-70-79', 'N32-70-79', 'N35-70-79']
335	['B36-60-69', 'C15-60-69', 'C23-60-69', 'C32-60-69', 'C51-60-69', 'C52-60-69', 'C69-60-69', 'C76-60-69', 'D03-60-69', 'D31-60-69', 'D46-60-69', 'D59-60-69', 'D89-60-69', 'E20-60-69', 'E46-60-69', 'E53-60-69', 'E72-60-69', 'F05-60-69', 'F09-60-69', 'G12-60-69', 'G24-60-69', 'G31-60-69', 'G90-60-69', 'H01-60-69', 'H21-60-69', 'H31-60-69', 'H49-60-69', 'H57-60-69', 'I06-60-69', 'I22-60-69', 'I33-60-69', 'I81-60-69', 'J11-60-69', 'J12-60-69', 'K06-60-69', 'K14-60-69', 'K41-60-69', 'K46-60-69', 'L08-60-69', 'L24-60-69', 'L53-60-69', 'L82-60-69', 'L84-60-69', 'L85-60-69', 'M00-60-69', 'M11-60-69', 'N32-60-69', 'N36-60-69']
336	['B35-50-59', 'B35-60-69']
337	['M51-50-59', 'M96-50-59', 'A69-60-69', 'G54-60-69', 'G57-60-69', 'M96-60-69', 'G57-70-79']
338	['D12-40-49', 'D12-50-59', 'C18-60-69', 'C19-60-69', 'D12-60-69']
339	['C18-40-49', 'C18-50-59', 'C19-50-59', 'C20-50-59', 'C20-60-69']
340	['C34-60-69', 'J82-60-69', 'C34-70-79']
341	['C38-60-69']
342	['C43-60-69', 'C44-60-69', 'L57-60-69', 'C43-70-79', 'C44-70-79', 'L57-70-79']
343	['C48-60-69', 'C48-70-79', 'C56-70-79', 'C57-70-79']
344	['C38-60-69', 'C78-60-69', 'D61-60-69', 'D70-60-69', 'C80-70-79', 'D70-70-79']
345	['C53-60-69', 'C54-60-69', 'C55-60-69', 'C53-70-79', 'C54-70-79', 'C55-70-79']
346	['C48-60-69', 'C56-60-69', 'C57-60-69', 'C48-70-79', 'C56-70-79', 'C57-70-79']
347	['C64-60-69', 'C64-70-79']
348	['C71-60-69', 'D43-60-69', 'C71-70-79', 'D43-70-79']
349	['C73-40-49', 'C73-50-59', 'C73-60-69', 'C73-70-79']
350	['C38-60-69', 'C78-60-69', 'C79-60-69', 'C80-60-69', 'D61-60-69', 'D63-60-69', 'D70-60-69', 'M84-60-69', 'C23-70-79', 'C78-70-79', 'C79-70-79', 'C80-70-79', 'D48-70-79', 'D63-70-79', 'D70-70-79', 'M84-70-79']
351	['D63-50-59', 'D69-50-59', 'D70-50-59', 'D61-60-69', 'D63-60-69', 'D69-60-69', 'D70-60-69', 'D46-70-79', 'D63-70-79', 'D69-70-79']
352	['K50-60-69', 'A02-70-79', 'B34-70-79', 'D52-70-79', 'D53-70-79', 'E07-70-79', 'E46-70-79', 'E72-70-79', 'F09-70-79', 'G60-70-79', 'G70-70-79', 'G83-70-79', 'G90-70-79', 'H49-70-79', 'H61-70-79', 'I10-70-79', 'I30-70-79', 'I99-70-79', 'J02-70-79', 'J04-70-79', 'J11-70-79', 'J30-70-79', 'J41-70-79', 'K20-70-79', 'K27-70-79', 'K30-70-79', 'K46-70-79', 'K50-70-79', 'K73-70-79', 'K75-70-79', 'L08-70-79', 'L28-70-79', 'L29-70-79', 'L50-70-79', 'L82-70-79', 'L85-70-79', 'M00-70-79', 'M34-70-79', 'M40-70-79', 'M46-70-79', 'N12-70-79']
353	['D18-40-49', 'D18-50-59', 'D18-60-69', 'D18-70-79']
354	['L72-40-49', 'N92-50-59', 'D21-60-69', 'D23-60-69', 'D72-60-69', 'E65-60-69', 'K35-60-69', 'L50-60-69', 'L72-60-69', 'M84-60-69', 'N35-60-69', 'N87-60-69', 'N94-60-69']
355	['C53-60-69', 'C54-60-69', 'C55-60-69', 'D25-60-69', 'C53-70-79', 'C54-70-79', 'C55-70-79', 'K81-70-79']
356	['D35-30-39', 'D35-40-49', 'D35-50-59', 'D35-60-69', 'D35-70-79']
357	['C34-70-79']
358	['L25-60-69', 'D53-70-79', 'N39-70-79', 'N76-70-79']
359	['D61-60-69', 'D69-60-69', 'D70-60-69', 'D46-70-79', 'D61-70-79', 'D69-70-79']
360	['E21-50-59', 'E21-60-69', 'E21-70-79']
361	['D69-60-69', 'D46-70-79', 'D61-70-79', 'D69-70-79']
362	['D86-30-39', 'D86-40-49', 'D86-50-59', 'D86-60-69', 'D86-70-79']
363	['E13-60-69', 'E10-70-79', 'E13-70-79', 'E16-70-79']
364	['E14-60-69', 'E14-70-79', 'E16-70-79', 'I79-70-79', 'L03-70-79', 'M86-70-79', 'N08-70-79']
365	['D34-50-59', 'E01-50-59', 'J38-50-59', 'E01-60-69', 'E04-60-69', 'E55-60-69', 'J38-60-69', 'J38-70-79', 'L72-70-79', 'N35-70-79']
366	['E73-60-69', 'E74-60-69', 'E73-70-79', 'E74-70-79']
367	['F00-60-69', 'F01-60-69', 'F03-60-69', 'G30-60-69', 'F00-70-79', 'F05-70-79', 'G30-70-79']
368	['F01-60-69', 'F03-60-69', 'G30-60-69']
369	['H33-60-69', 'H18-70-79', 'H26-70-79', 'H33-70-79']
370	['F17-60-69', 'A04-70-79', 'A41-70-79', 'B35-70-79', 'B37-70-79', 'I77-70-79', 'J41-70-79', 'K65-70-79', 'L30-70-79']
371	['F31-20-29', 'F31-30-39', 'F31-40-49', 'F31-50-59', 'F31-60-69', 'F31-70-79']
372	['F32-60-69', 'F48-60-69', 'F19-70-79', 'F22-70-79', 'F40-70-79', 'F44-70-79', 'F48-70-79', 'F51-70-79', 'L29-70-79', 'L82-70-79']
373	['H90-50-59', 'H91-50-59', 'H93-50-59', 'H90-60-69', 'H91-60-69', 'H93-60-69', 'H91-70-79', 'H93-70-79']
374	['H10-50-59', 'F13-60-69', 'F33-60-69', 'F41-60-69', 'F43-60-69', 'F45-60-69', 'F13-70-79', 'F33-70-79', 'F41-70-79', 'F43-70-79', 'F45-70-79', 'K59-70-79']
375	['K20-40-49', 'K51-40-49', 'A49-50-59', 'K20-50-59', 'K29-50-59', 'K51-50-59', 'J37-60-69', 'K51-60-69', 'N89-60-69', 'K51-70-79']
376	['G21-60-69', 'F02-70-79', 'G20-70-79']
377	['G81-50-59', 'G40-60-69', 'G41-60-69', 'G81-60-69', 'G40-70-79', 'G41-70-79', 'G81-70-79']
378	['I72-50-59', 'I67-60-69', 'I72-60-69', 'I67-70-79']
379	['M96-50-59', 'M51-60-69', 'M96-60-69']
380	['G56-70-79', 'M15-70-79']
381	['G82-30-39', 'G82-40-49', 'G82-50-59', 'G82-60-69', 'G82-70-79']
382	['G93-60-69', 'I46-60-69', 'G93-70-79']
383	['G95-60-69', 'M48-70-79']
384	['H10-60-69', 'H11-60-69', 'H18-60-69', 'H25-60-69', 'H27-60-69', 'H34-60-69', 'H44-60-69', 'H34-70-79']
385	['H40-40-49', 'H25-50-59', 'H26-50-59', 'H40-50-59', 'H26-60-69']
386	['H34-60-69', 'H54-60-69', 'D31-70-79', 'H04-70-79', 'H11-70-79', 'H16-70-79', 'H18-70-79', 'H25-70-79', 'H26-70-79', 'H27-70-79', 'H33-70-79', 'H34-70-79', 'H35-70-79', 'H44-70-79', 'H54-70-79']
387	['H40-60-69', 'H47-60-69', 'H40-70-79', 'H47-70-79']
388	['H50-60-69', 'H52-60-69', 'H53-60-69', 'H50-70-79', 'H52-70-79', 'H53-70-79']
389	['H90-50-59', 'H91-50-59', 'H93-50-59', 'H90-60-69']
390	['I26-40-49', 'I80-40-49', 'I82-40-49', 'I26-50-59', 'I80-50-59', 'I82-50-59', 'I26-60-69', 'I80-60-69', 'I82-60-69', 'I26-70-79', 'I82-70-79']
391	['I07-40-49', 'I34-40-49', 'I07-50-59', 'I34-50-59', 'I35-50-59', 'I36-50-59', 'I07-60-69', 'I34-60-69', 'I35-60-69', 'I36-60-69']
392	['I49-40-49', 'I49-50-59', 'I49-60-69', 'I49-70-79']
393	['G46-60-69', 'I63-60-69', 'I66-60-69', 'I63-70-79']
394	['I73-30-39', 'I70-40-49', 'I73-40-49', 'M34-40-49', 'I73-50-59', 'I74-50-59', 'M34-50-59', 'I74-60-69']
395	['I84-60-69', 'K60-60-69', 'K60-70-79', 'K64-70-79']
396	['I83-40-49', 'I83-50-59']
397	['F33-50-59', 'F43-50-59', 'F50-50-59', 'F60-50-59', 'B37-60-69', 'F40-60-69', 'F50-60-69', 'F60-60-69', 'L30-60-69', 'F60-70-79']
398	['J32-60-69', 'J33-60-69', 'J34-60-69']
399	['J20-50-59', 'J20-60-69', 'J20-70-79']
400	['K42-40-49', 'K43-40-49', 'K42-50-59', 'K43-50-59', 'K42-60-69', 'K43-60-69', 'K42-70-79', 'K43-70-79']
401	['J98-50-59', 'J45-60-69', 'J98-60-69', 'J45-70-79', 'J96-70-79', 'J98-70-79']
402	['K59-30-39', 'E65-40-49', 'K59-40-49', 'L90-40-49', 'N62-40-49', 'K59-50-59', 'L90-50-59', 'K59-60-69', 'L90-60-69', 'L90-70-79']
403	['I85-60-69', 'K70-60-69', 'K72-60-69', 'K74-60-69', 'I85-70-79', 'K70-70-79', 'K74-70-79']
404	['K85-60-69', 'K86-60-69', 'K85-70-79', 'K86-70-79']
405	['L23-40-49', 'L23-50-59', 'L23-60-69', 'L23-70-79']
406	['G50-50-59', 'G50-60-69', 'E78-70-79', 'G43-70-79', 'G50-70-79', 'G51-70-79', 'G57-70-79', 'G91-70-79', 'G95-70-79', 'H10-70-79', 'H90-70-79', 'I06-70-79', 'I60-70-79', 'I99-70-79', 'M40-70-79']
407	['M06-30-39', 'M05-40-49', 'M06-40-49', 'M05-50-59', 'M06-50-59', 'M13-50-59', 'M05-60-69', 'M06-60-69', 'M13-60-69', 'M05-70-79', 'M06-70-79', 'M13-70-79']
408	['M17-70-79', 'M24-70-79', 'M65-70-79', 'M67-70-79', 'M71-70-79', 'M87-70-79', 'M94-70-79']
409	['G57-60-69', 'M20-60-69', 'M77-60-69', 'G57-70-79']
410	['M17-60-69', 'M21-60-69', 'M24-60-69', 'M67-60-69', 'M71-60-69', 'M94-60-69', 'M00-70-79', 'M17-70-79', 'M21-70-79']
411	['G95-60-69', 'M41-60-69', 'M42-60-69', 'M43-60-69', 'M48-60-69', 'M62-60-69', 'G54-70-79', 'G95-70-79', 'M41-70-79', 'M42-70-79', 'M43-70-79', 'M47-70-79', 'M48-70-79', 'M51-70-79', 'M54-70-79', 'M62-70-79', 'M93-70-79', 'M96-70-79']
412	['G95-60-69', 'M48-60-69', 'G95-70-79', 'M48-70-79']
413	['N13-60-69', 'N20-60-69', 'N13-70-79', 'N20-70-79']
414	[]
415	['C50-70-79', 'D05-70-79', 'D24-70-79', 'L90-70-79', 'N64-70-79']
416	['D17-50-59', 'N84-60-69', 'N88-60-69']
417	['C48-60-69', 'C18-70-79', 'C19-70-79', 'C20-70-79', 'C48-70-79', 'D12-70-79']
418	['C19-70-79', 'C20-70-79']
419	['C80-60-69', 'D63-60-69', 'D70-60-69', 'C23-70-79', 'C78-70-79', 'C79-70-79', 'C80-70-79', 'D48-70-79', 'D63-70-79', 'D70-70-79', 'M84-70-79']
420	['C43-70-79', 'C44-70-79', 'L57-70-79']
421	['C83-50-59', 'C85-50-59', 'C83-60-69', 'C85-60-69', 'C83-70-79', 'C85-70-79']
422	['D25-70-79', 'N81-70-79']
423	['H34-60-69', 'D31-70-79', 'H04-70-79', 'H11-70-79', 'H16-70-79', 'H25-70-79', 'H27-70-79', 'H34-70-79', 'H44-70-79']
424	['D50-70-79', 'D62-70-79', 'E61-70-79']
425	['F31-60-69', 'A49-70-79', 'E11-70-79', 'E53-70-79', 'F31-70-79', 'G51-70-79', 'I12-70-79', 'I13-70-79', 'I62-70-79', 'K72-70-79', 'N08-70-79', 'N10-70-79']
426	['E79-40-49', 'E79-50-59', 'E79-60-69', 'E79-70-79', 'M10-70-79']
427	['E88-40-49', 'E88-50-59', 'E88-60-69', 'E88-70-79']
428	['F03-70-79', 'F13-70-79', 'F20-70-79', 'F22-70-79', 'G31-70-79']
429	['H18-70-79', 'H26-70-79', 'H33-70-79']
430	['G40-70-79', 'G41-70-79', 'G81-70-79']
431	['M96-50-59', 'G95-60-69', 'M48-60-69', 'M51-60-69', 'M96-60-69', 'G54-70-79', 'G95-70-79', 'M47-70-79', 'M48-70-79', 'M51-70-79', 'M54-70-79', 'M93-70-79', 'M96-70-79']
432	['H02-60-69', 'H02-70-79', 'H18-70-79', 'H26-70-79']
433	['I21-70-79', 'I46-70-79']
434	['A49-70-79', 'I25-70-79', 'I31-70-79', 'I48-70-79', 'I50-70-79', 'I62-70-79', 'I72-70-79', 'J42-70-79', 'J81-70-79', 'M10-70-79']
435	['I07-40-49', 'I34-40-49', 'I07-50-59', 'I34-50-59', 'I35-50-59', 'I36-50-59', 'I07-60-69', 'I34-60-69', 'I35-60-69', 'I36-60-69', 'I07-70-79', 'I34-70-79', 'I36-70-79']
436	['I50-60-69', 'J81-60-69', 'I50-70-79']
437	['J44-70-79', 'J47-70-79', 'J93-70-79']
438	['K85-60-69', 'K86-60-69', 'C23-70-79', 'K80-70-79', 'K81-70-79', 'K82-70-79', 'K85-70-79', 'K86-70-79']
439	['L40-30-39', 'L40-40-49', 'L40-50-59', 'L40-60-69', 'L40-70-79']
440	['G95-60-69', 'M41-60-69', 'M43-60-69', 'M48-60-69', 'M51-60-69', 'M62-60-69', 'G54-70-79', 'G95-70-79', 'M16-70-79', 'M25-70-79', 'M41-70-79', 'M42-70-79', 'M43-70-79', 'M47-70-79', 'M48-70-79', 'M51-70-79', 'M54-70-79', 'M62-70-79', 'M87-70-79', 'M93-70-79', 'M96-70-79']
441	['M19-70-79', 'M20-70-79', 'M77-70-79']
442	['G95-60-69', 'M47-70-79', 'M48-70-79', 'M93-70-79']
443	['G35-50-59', 'G35-60-69', 'G35-70-79']
444	['D25-70-79', 'N81-70-79', 'N83-70-79', 'N84-70-79', 'N85-70-79']
