trj,status,max_stage_idx,max_stage_val,disease_with_max_hub_percentage
2,Descending,1,33.33333333333333,A08
3,Ascending,3,16.19718309859155,G51
5,Descending,1,18.27956989247312,B00
9,Descending,1,50.0,J20
13,Descending,1,15.254237288135593,J34
15,Ascending,3,17.42738589211618,F81
27,Descending,1,19.047619047619047,K52
29,Ascending,2,16.129032258064516,B99
35,Descending,1,37.5,B00
39,Ascending,2,15.36697247706422,E16
42,Descending,1,26.229508196721312,E84
49,Descending,1,27.27272727272727,J96
51,Descending,1,15.887850467289718,I10
52,Descending,1,50.0,J20
71,Ascending,2,17.494089834515368,D64
73,Descending,1,17.350157728706623,E03
75,Descending,1,13.675213675213676,E11
81,Ascending,2,15.384615384615385,F44
83,Descending,1,20.37037037037037,F50
89,Descending,1,20.233463035019454,H46
92,Ascending,2,16.86046511627907,K31
95,Ascending,2,10.0,K59
100,Ascending,2,15.384615384615385,M48
107,Descending,1,25.0,C71
115,Descending,1,17.2876304023845,D64
117,Ascending,2,16.8,E11
120,Descending,1,16.901408450704224,F31
121,Ascending,2,15.789473684210526,F11
122,Ascending,2,13.636363636363635,J96
125,Ascending,2,16.666666666666664,F50
126,Ascending,2,20.0,G93
127,Descending,1,9.15032679738562,G43
128,Descending,1,10.526315789473683,K42
133,Descending,1,24.390243902439025,I47
134,Ascending,2,11.76470588235294,I70
139,Ascending,2,13.788659793814434,J96
140,Ascending,2,13.636363636363635,J96
146,Ascending,2,21.666666666666668,K65
147,Ascending,2,12.5,N28
151,Descending,1,17.46031746031746,L93
152,Descending,1,16.463414634146343,M06
154,Ascending,2,27.77777777777778,M65
156,Ascending,3,19.736842105263158,N17
159,Descending,1,25.0,B16
160,Descending,1,14.285714285714285,H10
161,Descending,1,60.0,C18
167,Ascending,2,37.142857142857146,D06
168,Descending,1,32.5,D12
175,Descending,1,16.93548387096774,K51
176,Ascending,2,17.647058823529413,F12
177,Descending,1,18.84057971014493,D69
179,Ascending,3,17.97752808988764,M86
181,Descending,1,11.214953271028037,K42
191,Ascending,3,22.22222222222222,G57
193,Ascending,2,15.384615384615385,M48
194,Ascending,2,14.705882352941178,D36
200,Descending,1,11.76470588235294,H91
201,Descending,1,15.068493150684931,M35
202,Descending,1,13.325867861142218,I42
203,Ascending,2,13.863337713534824,I44
204,Ascending,2,14.491362763915546,I44
206,Ascending,2,16.862745098039216,I44
209,Ascending,2,13.580246913580247,I64
223,Ascending,2,30.88235294117647,C25
225,Descending,1,17.46031746031746,D25
227,Descending,1,20.0,M16
229,Ascending,3,28.57142857142857,G57
232,Descending,1,33.33333333333333,M65
235,Descending,1,18.96551724137931,M41
236,Descending,1,26.08695652173913,N04
237,Ascending,2,7.142857142857142,N30
239,Descending,1,35.714285714285715,E21
241,Descending,1,12.121212121212121,N83
242,Descending,1,23.52941176470588,N97
243,Ascending,3,15.384615384615385,D72
244,Ascending,2,18.51851851851852,A49
248,Descending,1,60.0,C18
250,Descending,1,34.883720930232556,C34
251,Descending,1,54.054054054054056,C48
255,Descending,1,48.61111111111111,C67
265,Descending,1,20.0,M47
268,Descending,1,0.0,D50
272,Descending,1,35.714285714285715,D75
273,Descending,1,16.467780429594274,E03
274,Descending,1,18.181818181818183,E16
275,Ascending,3,21.153846153846153,N04
276,Descending,1,20.0,M16
278,Ascending,2,14.150943396226415,G93
279,Ascending,3,19.444444444444446,F22
281,Descending,1,9.15032679738562,G43
283,Ascending,2,25.0,G21
284,Descending,1,27.77777777777778,G93
287,Ascending,2,6.666666666666667,M72
292,Descending,1,12.295081967213115,H91
294,Descending,1,18.181818181818183,I34
296,Ascending,2,13.095238095238097,N18
298,Ascending,2,20.0,I71
303,Ascending,2,21.052631578947366,J01
307,Descending,1,21.428571428571427,J96
312,Descending,1,10.0,K59
313,Ascending,2,20.0,D13
315,Descending,1,20.0,M16
317,Descending,1,17.46031746031746,L93
318,Descending,1,50.0,L97
323,Ascending,2,25.0,M85
324,Ascending,3,39.39393939393939,L73
325,Ascending,3,18.625277161862527,L89
327,Ascending,2,6.25,N30
328,Ascending,2,12.121212121212121,N83
334,Ascending,2,8.0,D72
337,Ascending,2,20.0,G57
338,Ascending,2,50.943396226415096,C18
339,Descending,1,60.0,C18
343,Descending,1,100.0,C48
344,Ascending,2,53.333333333333336,C80
350,Descending,1,45.0,C79
351,Ascending,3,26.515151515151516,D63
352,Ascending,2,15.438324282389448,L85
354,Ascending,3,11.235955056179774,K35
355,Descending,1,34.523809523809526,C54
358,Descending,1,14.084507042253522,L25
359,Ascending,2,25.675675675675674,D46
361,Ascending,2,25.675675675675674,D46
363,Descending,1,16.11111111111111,E13
364,Ascending,2,16.176470588235293,M86
365,Ascending,2,9.615384615384617,E04
367,Descending,1,16.472868217054263,F01
369,Ascending,2,11.923076923076923,H26
370,Ascending,2,23.18840579710145,A41
372,Ascending,2,19.724770642201836,F22
374,Descending,1,33.33333333333333,H10
375,Descending,1,16.723549488054605,K51
376,Descending,1,25.0,G21
377,Descending,1,33.33333333333333,G81
378,Descending,1,16.129032258064516,I72
379,Ascending,2,11.11111111111111,M51
383,Descending,1,37.5,G95
385,Descending,1,12.435233160621761,H40
386,Ascending,2,11.422413793103448,H11
391,Descending,1,18.181818181818183,I34
394,Ascending,2,11.76470588235294,I70
395,Descending,1,6.666666666666667,I84
397,Ascending,2,24.691358024691358,L30
401,Ascending,3,13.924050632911392,J96
402,Descending,1,10.0,K59
406,Descending,1,29.629629629629626,G50
407,Descending,1,16.463414634146343,M06
410,Ascending,2,12.82051282051282,M17
411,Descending,1,21.666666666666668,G95
416,Descending,1,33.33333333333333,D17
417,Descending,1,100.0,C48
419,Descending,1,53.191489361702125,C80
423,Ascending,2,9.923664122137405,H11
425,Descending,1,16.901408450704224,F31
426,Ascending,2,10.722610722610723,M10
431,Ascending,2,19.047619047619047,G95
432,Descending,1,13.793103448275861,H02
435,Descending,1,18.181818181818183,I34
438,Ascending,2,14.227642276422763,C23
440,Descending,1,19.736842105263158,G95
442,Descending,1,37.5,G95
