,trj,genetic_proportion
0,26,1.0
1,44,1.0
2,48,1.0
3,51,1.0
4,86_205_297_390,1.0
5,107_256_348,1.0
6,117,1.0
7,121,1.0
8,138,1.0
9,142,1.0
10,149_404,1.0
11,171,1.0
12,210,1.0
13,218_400,1.0
14,283,1.0
15,296,1.0
16,298,1.0
17,318,1.0
18,342_420,1.0
19,378,1.0
20,436,1.0
21,65_103,0.7142857142857143
22,139,0.6666666666666666
23,140,0.6666666666666666
24,148_222,0.6666666666666666
25,200,0.6666666666666666
26,206,0.6666666666666666
27,292,0.6666666666666666
28,373_389,0.6666666666666666
29,132,0.6
30,202,0.6
31,203,0.5238095238095238
32,39,0.5
33,74,0.5
34,97,0.5
35,119,0.5
36,204,0.5
37,239,0.5
38,274,0.5
39,122,0.4
40,179,0.4
41,12,0.3333333333333333
42,14,0.3333333333333333
43,28,0.3333333333333333
44,43,0.3333333333333333
45,49,0.3333333333333333
46,50,0.3333333333333333
47,56,0.3333333333333333
48,66_108,0.3333333333333333
49,100,0.3333333333333333
50,120,0.3333333333333333
51,126,0.3333333333333333
52,130,0.3333333333333333
53,134,0.3333333333333333
54,137,0.3333333333333333
55,166,0.3333333333333333
56,168,0.3333333333333333
57,248_339,0.3333333333333333
58,284,0.3333333333333333
59,309,0.3333333333333333
60,310,0.3333333333333333
61,338,0.3333333333333333
62,359,0.3333333333333333
63,361,0.3333333333333333
64,363,0.3333333333333333
65,368,0.3333333333333333
66,376,0.3333333333333333
67,377,0.3333333333333333
68,385,0.3333333333333333
69,394,0.3333333333333333
70,395,0.3333333333333333
71,430,0.3333333333333333
72,156,0.3
73,40,0.26666666666666666
74,438,0.26666666666666666
75,75,0.2
76,115,0.2
77,128,0.2
78,351,0.2
79,367,0.2
80,417,0.2
81,45,0.16666666666666666
82,53,0.16666666666666666
83,71,0.16666666666666666
84,209,0.16666666666666666
85,213,0.16666666666666666
86,226,0.16666666666666666
87,262,0.16666666666666666
88,273,0.16666666666666666
89,403,0.16666666666666666
90,442,0.16666666666666666
91,208,0.14285714285714285
92,364,0.13333333333333333
93,325,0.11428571428571428
94,18,0.1
95,89,0.1
96,191,0.1
97,242,0.1
98,243,0.1
99,249,0.1
100,344,0.1
101,92,0.09523809523809523
102,431,0.07142857142857142
103,176,0.06666666666666667
104,181,0.06666666666666667
105,375,0.06666666666666667
106,15,0.047619047619047616
107,105,0.047619047619047616
108,278,0.047619047619047616
109,384,0.047619047619047616
110,434,0.044444444444444446
111,193,0.03571428571428571
112,235,0.03571428571428571
113,423,0.03571428571428571
114,411,0.030303030303030304
115,350,0.022222222222222223
116,440,0.01904761904761905
117,425,0.01818181818181818
118,3,0.015151515151515152
119,201,0.01282051282051282
120,386,0.01282051282051282
121,34,0.0013468013468013469
122,1,0.0
123,2,0.0
124,4,0.0
125,5,0.0
126,6,0.0
127,7,0.0
128,8,0.0
129,9,0.0
130,11,0.0
131,13,0.0
132,16,0.0
133,17,0.0
134,20,0.0
135,21,0.0
136,23_388,0.0
137,25,0.0
138,27,0.0
139,29,0.0
140,32,0.0
141,33,0.0
142,35,0.0
143,36,0.0
144,37_328_331,0.0
145,41_118_182_366,0.0
146,42,0.0
147,46,0.0
148,47,0.0
149,52,0.0
150,54,0.0
151,55_91,0.0
152,57,0.0
153,59,0.0
154,60,0.0
155,61,0.0
156,62_101_155,0.0
157,64,0.0
158,67_112,0.0
159,68,0.0
160,69,0.0
161,70,0.0
162,73,0.0
163,76_186_187,0.0
164,78,0.0
165,81,0.0
166,82,0.0
167,83,0.0
168,84,0.0
169,88_136,0.0
170,93,0.0
171,95,0.0
172,96_135,0.0
173,98_151_317,0.0
174,99,0.0
175,102,0.0
176,106,0.0
177,109,0.0
178,110,0.0
179,111,0.0
180,114,0.0
181,123,0.0
182,125,0.0
183,127_281,0.0
184,131,0.0
185,133,0.0
186,143,0.0
187,144,0.0
188,146,0.0
189,147,0.0
190,152_407,0.0
191,153,0.0
192,154,0.0
193,157,0.0
194,159,0.0
195,160,0.0
196,161,0.0
197,163,0.0
198,164,0.0
199,167,0.0
200,169,0.0
201,170,0.0
202,173,0.0
203,174,0.0
204,175,0.0
205,177,0.0
206,178_290,0.0
207,180,0.0
208,183_192,0.0
209,184,0.0
210,185,0.0
211,189,0.0
212,190,0.0
213,194,0.0
214,197_211_289,0.0
215,198_291,0.0
216,199,0.0
217,212,0.0
218,214,0.0
219,219,0.0
220,223,0.0
221,225,0.0
222,227,0.0
223,228_319,0.0
224,229,0.0
225,230,0.0
226,231,0.0
227,232,0.0
228,236,0.0
229,237,0.0
230,238_413,0.0
231,240,0.0
232,241,0.0
233,244,0.0
234,245,0.0
235,250_340,0.0
236,251_343_346,0.0
237,252,0.0
238,253_254_345,0.0
239,255,0.0
240,258_421,0.0
241,265,0.0
242,267,0.0
243,268_424,0.0
244,269,0.0
245,270,0.0
246,272,0.0
247,275,0.0
248,276,0.0
249,279,0.0
250,280,0.0
251,287,0.0
252,294_391_435,0.0
253,300,0.0
254,303,0.0
255,307,0.0
256,311,0.0
257,312_402,0.0
258,313,0.0
259,315,0.0
260,316,0.0
261,323,0.0
262,324,0.0
263,327,0.0
264,329,0.0
265,332,0.0
266,333,0.0
267,334,0.0
268,335,0.0
269,337,0.0
270,352,0.0
271,354,0.0
272,355,0.0
273,358,0.0
274,365,0.0
275,369,0.0
276,370,0.0
277,372,0.0
278,374,0.0
279,379,0.0
280,380,0.0
281,382,0.0
282,383_412,0.0
283,387,0.0
284,393,0.0
285,397,0.0
286,398,0.0
287,401,0.0
288,406,0.0
289,408,0.0
290,409,0.0
291,410,0.0
292,415,0.0
293,416,0.0
294,418,0.0
295,419,0.0
296,422,0.0
297,426,0.0
298,428,0.0
299,429,0.0
300,432,0.0
301,433,0.0
302,437,0.0
303,441,0.0
304,444,0.0
