	Dis A	Dis B
0	K35	K37
1	K35	K56
2	K35	K65
3	K37	K56
4	K37	K65
5	K56	K65
6	K56	D50
7	K56	K50
8	K56	K63
9	K56	K59
10	K56	K43
11	K56	K66
12	K56	A08
13	K65	K76
14	K65	A41
15	K65	J80
16	K65	K59
17	A04	A08
18	A04	F50
19	A04	I25
20	A04	I27
21	A04	I31
22	A04	K76
23	A04	D61
24	A04	E55
25	A04	K46
26	A04	K55
27	A04	K75
28	A04	N25
29	A04	N18
30	A04	B02
31	A04	N03
32	A04	N39
33	A04	N30
34	A08	F50
35	A08	I25
36	A08	I99
37	A08	B34
38	A08	C75
39	A08	F51
40	A08	F52
41	A08	G12
42	A08	G98
43	A08	K02
44	A08	K57
45	A08	K43
46	A08	K66
47	H73	K92
48	K92	D62
49	A41	C91
50	A41	N10
51	A41	J80
52	A41	B37
53	C91	N10
54	C91	C82
55	C91	C83
56	C91	C85
57	C91	D72
58	C91	D80
59	N10	N13
60	N10	N28
61	N10	K51
62	N10	D73
63	N10	J04
64	N10	K29
65	N10	A69
66	N10	D16
67	N10	D21
68	N10	L50
69	N10	N62
70	N10	N18
71	N10	B02
72	N10	B25
73	N10	H10
74	N10	I13
75	N10	N05
76	N10	N30
77	N10	N43
78	N10	D29
79	N10	N39
80	N10	N02
81	N10	N40
82	N10	N41
83	N10	N42
84	A49	B27
85	A49	J03
86	A49	J11
87	A49	J38
88	A49	L50
89	A49	K29
90	A49	K50
91	A49	K51
92	A49	K75
93	A49	D73
94	A49	E61
95	A49	N62
96	A49	E83
97	A49	D64
98	A49	E03
99	A49	E21
100	B27	J03
101	B27	J11
102	B27	J38
103	B27	L50
104	B27	J36
105	B27	J35
106	J03	J11
107	J03	J38
108	J03	L50
109	J03	J36
110	J03	J35
111	J11	J38
112	J11	L50
113	J11	H60
114	J11	H66
115	J11	K04
116	J38	L50
117	J38	C32
118	J38	J37
119	J38	F17
120	J38	J01
121	J38	J42
122	J38	J43
123	J38	J93
124	J38	J02
125	J38	C13
126	L50	M54
127	L50	G54
128	L50	M71
129	L50	M76
130	L50	K29
131	L50	K50
132	L50	K51
133	L50	K75
134	L50	D73
135	L50	E61
136	L50	N62
137	L50	J04
138	L50	A69
139	L50	D16
140	L50	D21
141	D50	K50
142	D50	K63
143	D50	D62
144	D50	K25
145	D50	K26
146	K50	K63
147	K50	K29
148	K50	K51
149	K50	K75
150	K50	D73
151	K50	E61
152	K50	N62
153	J20	J30
154	J20	J42
155	J20	L30
156	J20	D80
157	J20	F17
158	J20	G45
159	J20	J15
160	J20	J93
161	J20	L05
162	J30	J42
163	J30	L30
164	J30	D80
165	J30	G47
166	J30	F51
167	J30	I48
168	J30	A48
169	J30	C76
170	J30	H18
171	J30	H61
172	J30	I33
173	J30	K04
174	J42	L30
175	J42	D80
176	J42	D52
177	J42	J41
178	J42	L71
179	J42	F17
180	J42	J13
181	J42	J39
182	J42	K04
183	J42	K08
184	J42	K12
185	J42	L08
186	J42	N62
187	J42	J01
188	J42	J37
189	J42	J43
190	J42	J93
191	J42	J02
192	L30	D80
193	L30	B35
194	L30	I89
195	D80	E61
196	D80	G00
197	D80	H02
198	D80	H04
199	D80	J01
200	D80	K00
201	D80	K76
202	D80	M43
203	D80	J35
204	D80	J36
205	D80	C82
206	D80	C83
207	D80	C85
208	D80	D72
209	C71	C79
210	C71	H53
211	C71	D43
212	C71	B37
213	C71	C34
214	C71	C38
215	C71	J82
216	C71	J93
217	C71	N30
218	C71	K63
219	C71	D36
220	C79	H53
221	C79	C62
222	C79	C78
223	C79	D40
224	C79	B02
225	C79	J18
226	C79	J86
227	C79	B00
228	C79	D72
229	C79	D73
230	C79	M84
231	C79	G82
232	C79	G83
233	C79	B37
234	C79	C34
235	C79	C38
236	C79	C80
237	C79	D48
238	C79	D63
239	C79	D70
240	C79	J82
241	H53	H50
242	H53	H52
243	H53	H02
244	H53	H26
245	H53	H33
246	D61	D69
247	D61	D70
248	D61	K76
249	D61	E55
250	D61	K46
251	D61	K55
252	D61	K75
253	D69	D70
254	D70	B37
255	D70	C34
256	D70	C38
257	D70	C80
258	D70	D48
259	D70	D63
260	D70	J82
261	D70	M84
262	E61	G00
263	E61	H02
264	E61	H04
265	E61	J01
266	E61	K00
267	E61	K76
268	E61	M43
269	E61	J35
270	E61	J36
271	E61	E88
272	E61	H47
273	E61	E66
274	E61	L08
275	E61	K29
276	E61	K51
277	E61	K75
278	E61	D73
279	E61	N62
280	G00	H02
281	G00	H04
282	G00	J01
283	G00	K00
284	G00	K76
285	G00	M43
286	G00	J35
287	G00	J36
288	H02	H04
289	H02	J01
290	H02	K00
291	H02	K76
292	H02	M43
293	H02	J35
294	H02	J36
295	H02	H52
296	H02	H26
297	H02	H33
298	H02	H25
299	H02	H27
300	H02	H34
301	H02	C44
302	H02	D22
303	H02	D23
304	H02	L57
305	H02	L82
306	H04	J01
307	H04	K00
308	H04	K76
309	H04	M43
310	H04	J35
311	H04	J36
312	H04	H44
313	H04	D31
314	H04	H25
315	H04	H34
316	H04	H50
317	H04	G91
318	H04	I60
319	H04	H21
320	H04	E11
321	H04	E53
322	H04	E55
323	H04	G82
324	H04	N08
325	J01	K00
326	J01	K76
327	J01	M43
328	J01	J35
329	J01	J36
330	J01	J32
331	J01	J33
332	J01	F17
333	J01	J37
334	J01	J43
335	J01	J93
336	J01	J02
337	J01	G60
338	J01	H57
339	J01	F09
340	J01	I25
341	J01	I99
342	J01	J41
343	J01	M46
344	J01	I31
345	J01	I50
346	J01	D52
347	J01	I13
348	K00	K76
349	K00	M43
350	K00	J35
351	K00	J36
352	K76	M43
353	K76	J35
354	K76	J36
355	K76	E66
356	K76	E78
357	K76	F17
358	K76	I10
359	K76	E55
360	K76	K46
361	K76	K55
362	K76	K75
363	K76	L28
364	K76	D73
365	K76	E51
366	K76	M89
367	M43	J35
368	M43	J36
369	M43	M48
370	M43	M54
371	M43	G54
372	M43	H61
373	M43	M51
374	M43	M96
375	M43	M42
376	M43	M47
377	M43	M41
378	M43	M16
379	M43	M87
380	M43	M62
381	J35	J36
382	J35	H69
383	J35	J32
384	J35	J34
385	J35	M95
386	J36	H69
387	J36	J32
388	J36	J34
389	J36	M95
390	E10	E14
391	E10	E16
392	E10	H36
393	E10	E13
394	E10	I79
395	E10	H26
396	E10	H33
397	E10	H35
398	E14	E16
399	E16	H36
400	E16	E13
401	E16	I79
402	E16	H26
403	E16	H33
404	E16	H35
405	E66	E78
406	E66	F17
407	E66	I10
408	E66	E11
409	E66	E79
410	E66	G47
411	E66	E88
412	E66	H47
413	E66	L08
414	E66	G25
415	E66	H66
416	E66	K46
417	E66	J31
418	E66	K45
419	E66	G62
420	E66	G61
421	E66	H16
422	E66	L71
423	E66	M93
424	E78	F17
425	E78	I10
426	E78	E11
427	E78	E79
428	E78	G47
429	E78	G35
430	E78	E87
431	E78	G45
432	E78	H81
433	E78	M42
434	E78	M47
435	E78	G51
436	E78	I72
437	E78	I77
438	E78	K75
439	E78	H90
440	E78	H91
441	E78	H93
442	E78	H16
443	E78	K30
444	E78	M40
445	E78	F34
446	E78	G57
447	E78	H10
448	E78	I06
449	F17	I10
450	F17	E87
451	F17	F10
452	F17	F12
453	F17	F20
454	F17	F60
455	F17	F63
456	F17	J93
457	F17	G45
458	F17	J15
459	F17	L05
460	F17	D52
461	F17	J41
462	F17	L71
463	F17	J13
464	F17	J39
465	F17	K04
466	F17	K08
467	F17	K12
468	F17	L08
469	F17	N62
470	F17	J37
471	F17	J43
472	F17	J02
473	F17	J04
474	F17	D51
475	F17	H49
476	F17	J82
477	I10	I15
478	I10	N19
479	I10	I11
480	I10	I34
481	I10	I61
482	I10	I67
483	I10	I70
484	I10	I71
485	I10	L97
486	I10	M45
487	I10	E13
488	I10	D35
489	I10	I12
490	I10	I72
491	I10	I77
492	I10	K20
493	I10	L98
494	I10	N05
495	I10	I13
496	E84	K86
497	K86	K83
498	K86	B18
499	K86	C22
500	K86	C24
501	K86	C25
502	K86	K80
503	K86	K81
504	K86	K82
505	K86	K85
506	E88	J96
507	E88	F79
508	E88	G25
509	E88	G41
510	E88	I47
511	E88	J69
512	E88	G40
513	E88	H47
514	E88	L08
515	J96	F79
516	J96	G25
517	J96	G41
518	J96	I47
519	J96	J69
520	J96	G40
521	J96	J18
522	J96	J15
523	F41	K02
524	F41	K05
525	F41	K10
526	F41	L03
527	F41	F32
528	F41	F33
529	F41	F45
530	F41	F13
531	F41	F43
532	K02	K05
533	K02	K10
534	K02	L03
535	K02	K04
536	K02	K08
537	K02	K12
538	K02	K07
539	K02	K09
540	K02	F32
541	K02	F48
542	K02	B37
543	K02	F51
544	K02	I25
545	K02	I99
546	K02	B34
547	K02	C75
548	K02	F52
549	K02	G12
550	K02	G98
551	K02	G20
552	K02	G35
553	K02	N48
554	K05	K10
555	K05	L03
556	K10	L03
557	L03	L72
558	L03	E13
559	L03	H40
560	L03	E11
561	L03	G63
562	L03	H25
563	L03	H26
564	L03	M86
565	L03	N48
566	L03	I79
567	L03	K60
568	L03	D17
569	L03	I77
570	L03	H57
571	L03	I70
572	L03	I73
573	L03	I74
574	F43	F81
575	F43	F70
576	F43	F90
577	F43	F11
578	F43	F13
579	F43	F33
580	F43	F60
581	F43	F45
582	F43	F32
583	F43	G31
584	F43	F10
585	F81	F70
586	F81	F90
587	F70	F90
588	F70	D53
589	F70	F10
590	F70	F34
591	F70	F05
592	F70	G31
593	F70	H10
594	F70	K72
595	F70	L21
596	F70	G40
597	F70	G41
598	F70	G81
599	F70	J69
600	F90	F91
601	F90	F98
602	F90	F19
603	F79	G25
604	F79	G41
605	F79	I47
606	F79	J69
607	F79	G40
608	G25	G41
609	G25	I47
610	G25	J69
611	G25	G40
612	G25	G47
613	G25	H66
614	G25	K46
615	G41	I47
616	G41	J69
617	G41	G40
618	G41	G47
619	G41	G81
620	G41	G91
621	G41	F01
622	G41	F71
623	G41	I62
624	G41	I61
625	I47	J69
626	I47	G40
627	J69	G40
628	J69	G81
629	G40	G47
630	G40	G81
631	G40	G91
632	G40	F01
633	G40	F71
634	G40	I62
635	G40	I61
636	F80	F82
637	F80	F84
638	F82	F84
639	F91	F98
640	G47	G81
641	G47	G91
642	G47	E11
643	G47	E79
644	G47	H66
645	G47	K46
646	G47	F51
647	G81	G91
648	G81	I61
649	G81	I62
650	G91	I60
651	G91	I61
652	G91	H21
653	G91	E11
654	G91	E53
655	G91	E55
656	G91	G82
657	G91	N08
658	M24	M25
659	M24	M65
660	M24	M67
661	M24	M17
662	M24	M93
663	M24	M94
664	M24	M19
665	M24	M75
666	M24	M77
667	M24	M66
668	M24	M76
669	M24	M71
670	M25	M65
671	M25	M67
672	M25	M17
673	M25	M93
674	M25	M94
675	M25	M66
676	M25	M87
677	M25	M19
678	M25	M75
679	M25	M77
680	M25	M76
681	M65	M67
682	M65	M17
683	M65	M93
684	M65	M94
685	M65	M19
686	M65	M75
687	M65	M77
688	M65	M66
689	M65	M76
690	M65	M71
691	M65	G56
692	M65	M72
693	M67	M17
694	M67	M93
695	M67	M94
696	M67	M19
697	M67	M75
698	M67	M77
699	M67	M66
700	M67	M76
701	M67	M71
702	H50	H52
703	H50	H44
704	H50	H11
705	H50	H18
706	H50	H25
707	H50	H27
708	H50	H21
709	H50	D31
710	H50	H34
711	H52	H26
712	H52	H33
713	H60	H66
714	H60	K04
715	H66	K04
716	H66	K46
717	K04	K08
718	K04	K12
719	K04	K07
720	K04	K09
721	K04	F32
722	K04	F48
723	K04	B37
724	K04	F51
725	K04	D52
726	K04	J41
727	K04	L71
728	K04	J13
729	K04	J39
730	K04	L08
731	K04	N62
732	K04	I25
733	K04	I13
734	K04	I30
735	K04	I33
736	K04	I20
737	K04	B00
738	K04	J04
739	K04	D51
740	K04	H49
741	K04	J82
742	K04	I48
743	K04	A48
744	K04	C76
745	K04	H18
746	K04	H61
747	H61	H74
748	H61	J34
749	H61	J39
750	H61	M48
751	H61	M54
752	H61	G54
753	H61	M51
754	H61	M96
755	H61	E79
756	H61	L82
757	H61	L21
758	H61	M79
759	H61	I48
760	H61	A48
761	H61	C76
762	H61	H18
763	H61	I33
764	H74	J34
765	H74	J39
766	J34	J39
767	J34	J32
768	J34	J33
769	J34	M95
770	J39	D52
771	J39	J41
772	J39	L71
773	J39	J13
774	J39	K08
775	J39	K12
776	J39	L08
777	J39	N62
778	J39	J47
779	J39	J44
780	J39	A16
781	J39	B44
782	J39	J04
783	J39	L28
784	J39	M00
785	H69	J32
786	J32	J33
787	J32	M95
788	K08	K12
789	K08	K07
790	K08	K09
791	K08	F32
792	K08	F48
793	K08	B37
794	K08	F51
795	K08	D52
796	K08	J41
797	K08	L71
798	K08	J13
799	K08	L08
800	K08	N62
801	K08	F10
802	K08	F13
803	K08	F31
804	K08	F60
805	K08	G31
806	K08	D53
807	K08	E51
808	K12	K07
809	K12	K09
810	K12	D52
811	K12	J41
812	K12	L71
813	K12	J13
814	K12	L08
815	K12	N62
816	K12	J04
817	K12	D51
818	K12	H49
819	K12	J82
820	H90	H91
821	H90	H93
822	H90	H81
823	H90	H16
824	H90	K30
825	H90	M40
826	H90	F34
827	H90	G57
828	H90	H10
829	H90	I06
830	H91	H83
831	H91	H93
832	H91	H81
833	H91	H16
834	H91	K30
835	H91	M40
836	H91	F34
837	H91	G57
838	H91	H10
839	H91	I06
840	J04	J31
841	J04	J40
842	J04	J47
843	J04	J44
844	J04	A16
845	J04	B44
846	J04	D52
847	J04	L28
848	J04	M00
849	J04	K51
850	J04	D73
851	J04	K29
852	J04	A69
853	J04	D16
854	J04	D21
855	J04	N62
856	J04	D51
857	J04	H49
858	J04	J82
859	J31	J40
860	J31	K45
861	J31	G62
862	J31	G61
863	J31	H16
864	J31	L71
865	J31	M93
866	J40	J41
867	J40	J44
868	J40	J47
869	J40	G61
870	J40	H10
871	J40	J82
872	J40	B37
873	J40	J18
874	J40	J86
875	J40	J93
876	J40	B02
877	J40	L72
878	K21	K29
879	K21	K44
880	K21	K52
881	K21	K20
882	K21	K25
883	K21	K26
884	K21	D62
885	K21	K31
886	K21	K22
887	K29	K44
888	K29	K52
889	K29	K51
890	K29	K25
891	K29	K26
892	K29	K58
893	K29	K59
894	K29	K31
895	K29	K75
896	K29	D73
897	K29	N62
898	K29	A69
899	K29	D16
900	K29	D21
901	K44	K52
902	K44	K20
903	K44	K22
904	K44	K25
905	K44	K26
906	J45	J46
907	K40	K42
908	K40	N43
909	K40	K43
910	K40	K66
911	K40	D17
912	K40	L72
913	K40	K46
914	K42	N43
915	K42	K43
916	K42	D17
917	K42	K66
918	K42	L72
919	N43	K66
920	N43	D29
921	N43	N02
922	N43	N39
923	N43	N40
924	N43	N30
925	N43	H10
926	N43	N41
927	N43	N42
928	K59	K60
929	K59	K51
930	K59	K25
931	K59	K26
932	K59	K58
933	K59	K31
934	K60	L72
935	K60	K63
936	K60	D12
937	K60	I84
938	K60	K62
939	K60	K64
940	K60	D21
941	L90	N35
942	L90	N48
943	N35	N48
944	N35	N32
945	N48	A63
946	N48	E13
947	N48	H40
948	N48	E11
949	N48	G63
950	N48	H25
951	N48	H26
952	N48	M86
953	N48	I79
954	N48	G35
955	N48	F32
956	N48	G20
957	N48	F48
958	N12	N39
959	N39	N41
960	N39	N30
961	N39	I95
962	N39	D29
963	N39	N02
964	N39	N40
965	N39	H10
966	N39	N42
967	N39	I65
968	N13	N28
969	N13	N20
970	N13	N21
971	D43	B37
972	D43	C34
973	D43	C38
974	D43	J82
975	D43	J93
976	D43	N30
977	D43	K63
978	D43	D36
979	E87	F10
980	E87	F12
981	E87	F20
982	E87	F60
983	E87	F63
984	E87	G35
985	E87	G45
986	E87	H81
987	E87	M42
988	E87	M47
989	F10	F12
990	F10	F20
991	F10	F60
992	F10	F63
993	F10	K70
994	F10	D53
995	F10	F34
996	F10	F05
997	F10	G31
998	F10	H10
999	F10	K72
1000	F10	L21
1001	F10	F13
1002	F10	F31
1003	F10	E51
1004	F11	F13
1005	F11	F19
1006	F11	B18
1007	F11	B24
1008	F11	F14
1009	F11	F15
1010	F11	B16
1011	F11	F12
1012	F11	K73
1013	F11	F33
1014	F11	F60
1015	F13	F19
1016	F13	B18
1017	F13	B24
1018	F13	F14
1019	F13	F15
1020	F13	B16
1021	F13	F12
1022	F13	K73
1023	F13	F33
1024	F13	F60
1025	F13	F31
1026	F13	G31
1027	F13	D53
1028	F13	E51
1029	F13	F45
1030	F13	F32
1031	F19	B18
1032	F19	B24
1033	F19	F14
1034	F19	F15
1035	F19	B16
1036	F19	F12
1037	F19	K73
1038	F19	C22
1039	F32	F33
1040	F32	F45
1041	F32	F40
1042	F32	F63
1043	F32	F48
1044	F32	B37
1045	F32	F51
1046	F32	M89
1047	F32	F60
1048	F32	G83
1049	F32	G20
1050	F32	G35
1051	F33	F45
1052	F33	F60
1053	F45	G44
1054	F12	F20
1055	F12	F60
1056	F12	F63
1057	F12	F15
1058	F12	F25
1059	F12	F31
1060	F12	B16
1061	F12	B18
1062	F12	F14
1063	F12	K73
1064	F20	F60
1065	F20	F63
1066	F20	F15
1067	F20	F25
1068	F20	F31
1069	F60	F63
1070	F60	M89
1071	F60	G83
1072	F60	F31
1073	F60	G31
1074	F60	D53
1075	F60	E51
1076	F63	F40
1077	G80	G82
1078	G82	G83
1079	G82	M84
1080	G82	I60
1081	G82	H21
1082	G82	E11
1083	G82	E53
1084	G82	E55
1085	G82	N08
1086	J33	M95
1087	B20	B24
1088	B24	B18
1089	B24	F14
1090	B24	F15
1091	C62	C78
1092	C62	D40
1093	C78	D40
1094	D40	C61
1095	D40	N32
1096	D40	N40
1097	D40	C64
1098	D40	I89
1099	D40	N41
1100	D40	N42
1101	D16	L05
1102	D16	K51
1103	D16	D73
1104	D16	A69
1105	D16	D21
1106	D16	N62
1107	L05	G45
1108	L05	J15
1109	L05	J93
1110	N18	D64
1111	N18	N19
1112	N18	B99
1113	N18	N03
1114	N18	N25
1115	N18	N05
1116	N18	B02
1117	N18	B25
1118	N18	H10
1119	N18	I13
1120	N18	L84
1121	D64	N19
1122	D64	E83
1123	D64	E03
1124	D64	E21
1125	D64	D75
1126	D64	D68
1127	N19	I11
1128	N19	I34
1129	N19	I61
1130	N19	I67
1131	N19	I70
1132	N19	I71
1133	N19	L97
1134	E11	E79
1135	E11	E13
1136	E11	H40
1137	E11	G63
1138	E11	H25
1139	E11	H26
1140	E11	M86
1141	E11	I79
1142	E11	L89
1143	E11	N08
1144	E11	E55
1145	E11	G61
1146	E11	I13
1147	E11	I33
1148	E11	L28
1149	E11	I60
1150	E11	H21
1151	E11	E53
1152	E79	M16
1153	E79	M87
1154	E79	L82
1155	E79	L21
1156	E79	M54
1157	E79	M79
1158	K70	K25
1159	K70	K26
1160	K70	D52
1161	K70	D62
1162	K70	F05
1163	K70	L71
1164	K70	D53
1165	K70	G31
1166	K70	I85
1167	K70	K72
1168	K70	K74
1169	B18	F14
1170	B18	F15
1171	B18	B16
1172	B18	K73
1173	B18	C22
1174	B18	C24
1175	B18	K83
1176	B18	C25
1177	B18	K80
1178	B18	K81
1179	B18	K82
1180	B18	K85
1181	F14	F15
1182	F14	B16
1183	F14	K73
1184	F15	F25
1185	F15	F31
1186	F25	F31
1187	F31	G31
1188	F31	D53
1189	F31	E51
1190	B16	K73
1191	B16	C22
1192	K73	C22
1193	K73	C24
1194	J93	G45
1195	J93	J15
1196	J93	J37
1197	J93	J43
1198	J93	J02
1199	J93	B37
1200	J93	C34
1201	J93	C38
1202	J93	J82
1203	J93	J18
1204	J93	J86
1205	J93	B02
1206	J93	L72
1207	H83	H93
1208	H93	H81
1209	H93	H16
1210	H93	K30
1211	H93	M40
1212	H93	F34
1213	H93	G57
1214	H93	H10
1215	H93	I06
1216	I26	I80
1217	I26	J18
1218	I26	D68
1219	I26	I82
1220	I80	J18
1221	I80	D68
1222	I80	I82
1223	I42	I50
1224	I42	I44
1225	I42	I51
1226	I42	I48
1227	I42	I07
1228	I42	I34
1229	I42	I36
1230	I50	I44
1231	I50	I51
1232	I50	J81
1233	I50	B99
1234	I50	G93
1235	I50	I46
1236	I50	I31
1237	I50	G60
1238	I50	H57
1239	I50	D52
1240	I50	F09
1241	I50	I13
1242	I50	I25
1243	I50	I99
1244	I50	J41
1245	I50	M46
1246	J18	J15
1247	J18	B37
1248	J18	J86
1249	J18	B02
1250	J18	B00
1251	J18	D72
1252	J18	D73
1253	J18	M84
1254	J18	L72
1255	K07	K09
1256	K51	K25
1257	K51	K26
1258	K51	K58
1259	K51	K31
1260	K51	K75
1261	K51	D73
1262	K51	N62
1263	K51	A69
1264	K51	D21
1265	K25	K26
1266	K25	K58
1267	K25	K20
1268	K25	D62
1269	K25	K31
1270	K25	K22
1271	K25	D52
1272	K25	F05
1273	K26	K58
1274	K26	K20
1275	K26	D62
1276	K26	K31
1277	K26	K22
1278	K26	D52
1279	K26	F05
1280	K58	K31
1281	K63	D12
1282	K63	I84
1283	K63	K62
1284	K63	K64
1285	K63	D21
1286	K63	D13
1287	K63	N30
1288	K63	D36
1289	L72	D17
1290	L72	K43
1291	L72	K66
1292	L72	B37
1293	L72	J86
1294	L72	B02
1295	K74	I85
1296	K74	C22
1297	K74	K31
1298	K74	K72
1299	K74	B99
1300	K74	I86
1301	I85	C22
1302	I85	K31
1303	I85	K72
1304	I85	B99
1305	K80	K81
1306	K80	K85
1307	K80	K82
1308	K80	K83
1309	K80	C22
1310	K80	C24
1311	K80	C25
1312	K81	K85
1313	K81	K82
1314	K81	K83
1315	K81	C22
1316	K81	C24
1317	K81	C25
1318	K85	K83
1319	K85	C22
1320	K85	C24
1321	K85	C25
1322	K85	K82
1323	M17	M93
1324	M17	M94
1325	M17	M66
1326	M17	M71
1327	M17	M11
1328	M17	M21
1329	M93	M94
1330	M93	M66
1331	M93	M71
1332	M93	M11
1333	M93	M21
1334	M93	K45
1335	M93	G62
1336	M93	G61
1337	M93	H16
1338	M93	L71
1339	M93	M54
1340	M93	B00
1341	M93	G43
1342	M93	G83
1343	M93	M76
1344	M94	M11
1345	M94	M21
1346	M94	M71
1347	M94	M66
1348	M42	M51
1349	M42	M54
1350	M42	G35
1351	M42	G45
1352	M42	H81
1353	M42	M47
1354	M42	G54
1355	M42	M62
1356	M42	M41
1357	M42	M48
1358	M42	M16
1359	M42	M87
1360	M51	M54
1361	M51	G54
1362	M51	M62
1363	M51	M48
1364	M51	M96
1365	M51	M41
1366	M51	M47
1367	M54	G54
1368	M54	M62
1369	M54	M48
1370	M54	M71
1371	M54	M76
1372	M54	M96
1373	M54	L82
1374	M54	L21
1375	M54	M79
1376	M54	B00
1377	M54	G43
1378	M54	G83
1379	I11	I34
1380	I11	I61
1381	I11	I67
1382	I11	I70
1383	I11	I71
1384	I11	L97
1385	I34	I61
1386	I34	I67
1387	I34	I70
1388	I34	I71
1389	I34	L97
1390	I34	I07
1391	I34	I36
1392	I34	I48
1393	I34	I44
1394	I34	J84
1395	I34	I27
1396	I61	I67
1397	I61	I70
1398	I61	I71
1399	I61	L97
1400	I61	I60
1401	I61	I62
1402	I67	I70
1403	I67	I71
1404	I67	L97
1405	I70	I71
1406	I70	L97
1407	I70	I77
1408	I70	H57
1409	I70	I73
1410	I70	I74
1411	I71	L97
1412	I71	I35
1413	I71	I72
1414	L97	L98
1415	L97	M86
1416	N20	N21
1417	C22	K31
1418	C22	K72
1419	C22	B99
1420	C22	C24
1421	C22	K83
1422	C22	C25
1423	C22	K82
1424	I84	K62
1425	I84	D12
1426	I84	K64
1427	I84	D21
1428	K62	D12
1429	K62	K64
1430	K62	D21
1431	D12	K64
1432	D12	D21
1433	D12	D13
1434	D53	F34
1435	D53	F05
1436	D53	G31
1437	D53	H10
1438	D53	K72
1439	D53	L21
1440	D53	L71
1441	D53	E51
1442	F34	F05
1443	F34	G31
1444	F34	H10
1445	F34	K72
1446	F34	L21
1447	F34	H16
1448	F34	H81
1449	F34	K30
1450	F34	M40
1451	F34	G57
1452	F34	I06
1453	F05	G31
1454	F05	H10
1455	F05	K72
1456	F05	L21
1457	F05	D52
1458	F05	D62
1459	F05	L71
1460	G31	H10
1461	G31	K72
1462	G31	L21
1463	G31	L71
1464	G31	E51
1465	H10	K72
1466	H10	L21
1467	H10	J41
1468	H10	J44
1469	H10	J47
1470	H10	G61
1471	H10	J82
1472	H10	B02
1473	H10	B25
1474	H10	I13
1475	H10	N05
1476	H10	H16
1477	H10	H81
1478	H10	K30
1479	H10	M40
1480	H10	G57
1481	H10	I06
1482	H10	N30
1483	H10	D29
1484	H10	N02
1485	H10	N40
1486	H10	N41
1487	H10	N42
1488	K72	L21
1489	K72	K31
1490	K72	B99
1491	L21	L82
1492	L21	M79
1493	E04	E05
1494	H36	H33
1495	H36	H35
1496	H36	H34
1497	H36	H26
1498	H36	E13
1499	E13	H40
1500	E13	G63
1501	E13	H25
1502	E13	H26
1503	E13	M86
1504	E13	I79
1505	E13	M45
1506	E13	D35
1507	E13	I12
1508	E13	I72
1509	E13	I77
1510	E13	K20
1511	E13	L98
1512	E13	N05
1513	E13	I13
1514	E13	H33
1515	E13	H35
1516	H40	G63
1517	H40	H25
1518	H40	H26
1519	H40	M86
1520	H40	I79
1521	H40	H47
1522	G63	H25
1523	G63	H26
1524	G63	M86
1525	G63	I79
1526	H25	H26
1527	H25	M86
1528	H25	I79
1529	H25	H27
1530	H25	H34
1531	H25	H44
1532	H25	H11
1533	H25	H18
1534	H25	H21
1535	H25	D31
1536	H26	M86
1537	H26	I79
1538	H26	H33
1539	H26	H35
1540	H26	H34
1541	H26	H27
1542	M86	I79
1543	M86	L98
1544	K31	B99
1545	G35	G45
1546	G35	H81
1547	G35	M47
1548	G35	G20
1549	G35	F48
1550	G45	H81
1551	G45	M47
1552	G45	J15
1553	G45	G51
1554	G45	I72
1555	G45	I77
1556	G45	K75
1557	H81	M47
1558	H81	G51
1559	H81	I72
1560	H81	I77
1561	H81	K75
1562	H81	H16
1563	H81	K30
1564	H81	M40
1565	H81	G57
1566	H81	I06
1567	M47	M41
1568	M47	M48
1569	M47	M62
1570	M47	G54
1571	G54	M62
1572	G54	M48
1573	G54	M71
1574	G54	M76
1575	G54	M96
1576	G54	M16
1577	G54	M87
1578	G54	M41
1579	M62	M16
1580	M62	M87
1581	M62	M41
1582	M62	M48
1583	H33	H35
1584	H33	H34
1585	H35	H34
1586	H34	H27
1587	H34	H44
1588	H34	D31
1589	I20	I21
1590	I20	I25
1591	I20	B00
1592	I20	I31
1593	I21	I25
1594	I21	B00
1595	I21	I31
1596	I25	B00
1597	I25	I27
1598	I25	I31
1599	I25	I13
1600	I25	I30
1601	I25	I33
1602	I25	I99
1603	I25	B34
1604	I25	C75
1605	I25	F51
1606	I25	F52
1607	I25	G12
1608	I25	G98
1609	I25	G60
1610	I25	H57
1611	I25	F09
1612	I25	J41
1613	I25	M46
1614	I25	D52
1615	I07	I36
1616	I07	I48
1617	I07	I44
1618	I07	J84
1619	I07	I27
1620	I36	I48
1621	I36	I44
1622	I36	J84
1623	I36	I27
1624	I35	I72
1625	I73	I74
1626	I73	I77
1627	I73	H57
1628	I74	I77
1629	I74	H57
1630	J44	J98
1631	J44	J41
1632	J44	J47
1633	J44	G61
1634	J44	J82
1635	J44	A16
1636	J44	B44
1637	J44	D52
1638	J44	L28
1639	J44	M00
1640	J44	F09
1641	J44	J62
1642	J44	K20
1643	K20	D62
1644	K20	M45
1645	K20	D35
1646	K20	I12
1647	K20	I72
1648	K20	I77
1649	K20	L98
1650	K20	N05
1651	K20	I13
1652	K20	K22
1653	K20	F09
1654	K20	J62
1655	K20	J47
1656	D62	D52
1657	K43	D17
1658	K43	K66
1659	K64	D21
1660	D21	D73
1661	D21	A69
1662	D21	N62
1663	K82	K83
1664	K82	C24
1665	K82	C25
1666	K83	C24
1667	K83	C25
1668	D17	D23
1669	D17	D48
1670	D17	K66
1671	D17	K46
1672	M16	M87
1673	M16	M41
1674	M87	M66
1675	M87	M41
1676	M66	M71
1677	M66	M19
1678	M66	M75
1679	M66	M77
1680	M66	M76
1681	M71	M76
1682	M71	M11
1683	M71	M21
1684	M75	M77
1685	M75	M76
1686	M75	M19
1687	M77	M76
1688	M77	M19
1689	M76	M19
1690	M76	B00
1691	M76	G43
1692	M76	G83
1693	M48	M96
1694	M48	M41
1695	B99	N03
1696	B99	N25
1697	B99	N05
1698	B99	J81
1699	B99	G93
1700	B99	I46
1701	N03	N25
1702	N03	N05
1703	N03	B02
1704	N25	N05
1705	N25	B02
1706	N25	L84
1707	N05	M45
1708	N05	D35
1709	N05	I12
1710	N05	I72
1711	N05	I77
1712	N05	L98
1713	N05	I13
1714	N05	B02
1715	N05	B25
1716	N41	N42
1717	N41	N32
1718	N41	N40
1719	N41	N21
1720	N41	N30
1721	N41	D29
1722	N41	N02
1723	N41	C61
1724	N41	C64
1725	B35	I89
1726	I89	C61
1727	I89	C64
1728	B37	J86
1729	B37	F48
1730	B37	F51
1731	B37	C34
1732	B37	C38
1733	B37	J82
1734	B37	B02
1735	B37	J80
1736	B37	C80
1737	B37	D48
1738	B37	D63
1739	B37	M84
1740	J86	B02
1741	J86	B00
1742	J86	D72
1743	J86	D73
1744	J86	M84
1745	C15	C16
1746	C18	C19
1747	C18	C20
1748	C18	C48
1749	C18	K36
1750	C19	C20
1751	C19	C48
1752	C19	K36
1753	C20	C48
1754	C20	K36
1755	C32	J37
1756	C32	C13
1757	J37	J43
1758	J37	J02
1759	C43	D22
1760	D22	C44
1761	D22	D23
1762	D22	L57
1763	D22	L82
1764	C61	N32
1765	C61	N40
1766	C61	C64
1767	C61	N42
1768	N32	N40
1769	N32	N21
1770	N32	N42
1771	N40	N21
1772	N40	N42
1773	N40	D29
1774	N40	N02
1775	N40	N30
1776	N40	N50
1777	C82	C83
1778	C82	C85
1779	C82	D72
1780	C83	C85
1781	C83	D72
1782	C85	D72
1783	C92	D46
1784	D23	D48
1785	D23	C44
1786	D23	L57
1787	D23	L82
1788	D48	C34
1789	D48	C38
1790	D48	C80
1791	D48	D63
1792	D48	J82
1793	D48	M84
1794	M45	D35
1795	M45	I12
1796	M45	I72
1797	M45	I77
1798	M45	L98
1799	M45	I13
1800	D35	I12
1801	D35	I72
1802	D35	I77
1803	D35	L98
1804	D35	I13
1805	I12	I72
1806	I12	I77
1807	I12	L98
1808	I12	I13
1809	I72	I77
1810	I72	L98
1811	I72	I13
1812	I72	G51
1813	I72	K75
1814	I77	L98
1815	I77	I13
1816	I77	G51
1817	I77	K75
1818	I77	H57
1819	L98	I13
1820	I13	I30
1821	I13	I33
1822	I13	L89
1823	I13	N08
1824	I13	E55
1825	I13	G61
1826	I13	L28
1827	I13	B02
1828	I13	B25
1829	I13	I31
1830	I13	G60
1831	I13	H57
1832	I13	D52
1833	I13	F09
1834	I13	I99
1835	I13	J41
1836	I13	M46
1837	D68	I82
1838	D68	D75
1839	D68	E21
1840	D68	E83
1841	G51	K75
1842	K75	E55
1843	K75	K46
1844	K75	K55
1845	K75	D73
1846	K75	N62
1847	H47	L08
1848	L08	D52
1849	L08	J41
1850	L08	L71
1851	L08	J13
1852	L08	N62
1853	K46	E55
1854	K46	K55
1855	F48	F51
1856	F48	G20
1857	F51	I99
1858	F51	B34
1859	F51	C75
1860	F51	F52
1861	F51	G12
1862	F51	G98
1863	D52	J41
1864	D52	L71
1865	D52	J13
1866	D52	N62
1867	D52	J47
1868	D52	A16
1869	D52	B44
1870	D52	L28
1871	D52	M00
1872	D52	I31
1873	D52	G60
1874	D52	H57
1875	D52	F09
1876	D52	I99
1877	D52	M46
1878	J41	L71
1879	J41	J13
1880	J41	N62
1881	J41	J47
1882	J41	G61
1883	J41	J82
1884	J41	G60
1885	J41	H57
1886	J41	F09
1887	J41	I99
1888	J41	M46
1889	J41	I31
1890	L71	J13
1891	L71	N62
1892	L71	K45
1893	L71	G62
1894	L71	G61
1895	L71	H16
1896	J13	N62
1897	N62	D73
1898	N62	A69
1899	G46	I63
1900	G46	I64
1901	G46	I66
1902	G46	I65
1903	I63	I64
1904	I63	I66
1905	I64	I66
1906	I66	I65
1907	J43	J02
1908	I60	H21
1909	I60	E53
1910	I60	E55
1911	I60	N08
1912	B00	B02
1913	B00	D72
1914	B00	D73
1915	B00	M84
1916	B00	G43
1917	B00	G83
1918	I27	I31
1919	I27	J84
1920	I31	G60
1921	I31	H57
1922	I31	F09
1923	I31	I99
1924	I31	M46
1925	I44	I51
1926	I44	I48
1927	G93	I46
1928	G93	J81
1929	I46	J81
1930	J47	G61
1931	J47	J82
1932	J47	A16
1933	J47	B44
1934	J47	L28
1935	J47	M00
1936	J47	F09
1937	J47	J62
1938	G61	J82
1939	G61	L89
1940	G61	N08
1941	G61	E55
1942	G61	I33
1943	G61	L28
1944	G61	K45
1945	G61	G62
1946	G61	H16
1947	J82	C34
1948	J82	C38
1949	J82	D51
1950	J82	H49
1951	J82	C80
1952	J82	D63
1953	J82	M84
1954	E55	K55
1955	E55	L89
1956	E55	N08
1957	E55	I33
1958	E55	L28
1959	E55	H21
1960	E55	E53
1961	M11	M21
1962	N21	N42
1963	B02	D72
1964	B02	D73
1965	B02	M84
1966	B02	B25
1967	I30	I33
1968	I33	L89
1969	I33	N08
1970	I33	L28
1971	I33	I48
1972	I33	A48
1973	I33	C76
1974	I33	H18
1975	N30	C67
1976	N30	C68
1977	N30	C65
1978	N30	C66
1979	N30	D29
1980	N30	N02
1981	N30	N42
1982	N30	D36
1983	N42	D29
1984	N42	N02
1985	N42	C64
1986	I99	B34
1987	I99	C75
1988	I99	F52
1989	I99	G12
1990	I99	G98
1991	I99	G60
1992	I99	H57
1993	I99	F09
1994	I99	M46
1995	B34	C75
1996	B34	F52
1997	B34	G12
1998	B34	G98
1999	C75	F52
2000	C75	G12
2001	C75	G98
2002	F52	G12
2003	F52	G98
2004	G12	G98
2005	D73	D72
2006	D73	M84
2007	D73	A69
2008	D73	L28
2009	D73	E51
2010	D73	M89
2011	D72	M84
2012	M84	G83
2013	M84	C34
2014	M84	C38
2015	M84	C80
2016	M84	D63
2017	C34	C38
2018	C34	C80
2019	C34	D63
2020	C38	C80
2021	C38	D63
2022	A16	B44
2023	A16	L28
2024	A16	M00
2025	B44	L28
2026	B44	M00
2027	L28	M00
2028	L28	L89
2029	L28	N08
2030	L28	E51
2031	L28	M89
2032	C48	K36
2033	C67	C68
2034	C67	C65
2035	C67	C66
2036	C68	C65
2037	C68	C66
2038	C65	C66
2039	E83	E03
2040	E83	E21
2041	E83	D75
2042	E03	E21
2043	E21	D75
2044	L89	N08
2045	N08	H21
2046	N08	E53
2047	G20	F02
2048	G20	G21
2049	F02	G21
2050	G30	F00
2051	F01	F71
2052	F01	I62
2053	G83	M89
2054	G83	G43
2055	K45	G62
2056	K45	H16
2057	G62	H16
2058	H16	K30
2059	H16	M40
2060	H16	G57
2061	H16	I06
2062	H27	H44
2063	H27	H11
2064	H27	H18
2065	H27	H21
2066	I48	I05
2067	I48	A48
2068	I48	C76
2069	I48	H18
2070	C44	L57
2071	C44	L82
2072	L57	L82
2073	E51	M89
2074	M07	L40
2075	M81	M80
2076	M81	M85
2077	M80	M85
2078	C24	C25
2079	D29	N02
2080	D29	N50
2081	L82	M79
2082	D51	H49
2083	G60	H57
2084	G60	F09
2085	G60	M46
2086	H57	F09
2087	H57	M46
2088	F09	M46
2089	F09	J62
2090	K30	M40
2091	K30	G57
2092	K30	I06
2093	M40	G57
2094	M40	I06
2095	G57	I06
2096	H44	H11
2097	H44	H18
2098	H44	H21
2099	H44	D31
2100	H11	H18
2101	H11	H21
2102	H18	H21
2103	H18	A48
2104	H18	C76
2105	H21	E53
2106	A48	C76
2107	C80	D63
2108	G56	M72
